,"US Global Jets ETF - GJR-GARCH Volatility"
2015-05-01,0.2858144635948293
2015-05-04,0.2794065811680176
2015-05-05,0.3065057115291655
2015-05-06,0.295277495925443
2015-05-07,0.28944669768370135
2015-05-08,0.2823537270871415
2015-05-11,0.27293182225603524
2015-05-12,0.27304227365007055
2015-05-13,0.26515023741267896
2015-05-14,0.25951392794992717
2015-05-15,0.25086770617199816
2015-05-18,0.24288458740727045
2015-05-19,0.2440432863243732
2015-05-20,0.3745741421935048
2015-05-21,0.35974335351747644
2015-05-22,0.35009066825609614
2015-05-26,0.3519961198649781
2015-05-27,0.3430453235361182
2015-05-28,0.33013236618059727
2015-05-29,0.3176092334929827
2015-06-01,0.31261601878342704
2015-06-02,0.30479795078051297
2015-06-03,0.29386282514125533
2015-06-04,0.2944280883339767
2015-06-05,0.28444030727026015
2015-06-08,0.32667353611824756
2015-06-09,0.31564585788506716
2015-06-10,0.3047998937007689
2015-06-11,0.2936544969858286
2015-06-12,0.284570689284754
2015-06-15,0.28142055148833744
2015-06-16,0.2730504414938749
2015-06-17,0.2637723245528234
2015-06-18,0.25620068852366495
2015-06-19,0.24932368840525365
2015-06-22,0.25078019778283933
2015-06-23,0.2426635448517144
2015-06-24,0.23997084572922606
2015-06-25,0.23247548774010565
2015-06-26,0.2316598756798423
2015-06-29,0.2795084335042505
2015-06-30,0.2702095386917346
2015-07-01,0.27287392473448246
2015-07-02,0.2635133400797766
2015-07-06,0.2554210782218257
2015-07-07,0.24836701230235872
2015-07-08,0.2662149289577878
2015-07-09,0.2598051754680803
2015-07-10,0.26983492954026544
2015-07-13,0.26288141889452743
2015-07-14,0.25430317497034916
2015-07-15,0.24596478040565076
2015-07-16,0.2385990813058592
2015-07-17,0.23160036528468603
2015-07-20,0.2385259306658293
2015-07-21,0.23316382909876912
2015-07-22,0.2276598699815143
2015-07-23,0.2212639907440883
2015-07-24,0.26258158732096964
2015-07-27,0.25480919214188485
2015-07-28,0.25520659866077133
2015-07-29,0.2488432277559508
2015-07-30,0.2409504007052074
2015-07-31,0.23338474500275294
2015-08-03,0.23575210200547525
2015-08-04,0.23157125728380024
2015-08-05,0.2247975489190218
2015-08-06,0.22176585219550823
2015-08-07,0.2167274998702287
2015-08-10,0.21123978034451749
2015-08-11,0.2077268369758708
2015-08-12,0.21324522503446589
2015-08-13,0.21028864163335118
2015-08-14,0.20491130569102328
2015-08-17,0.2013449011025608
2015-08-18,0.20049371461469812
2015-08-19,0.1960108354147801
2015-08-20,0.25128784371712054
2015-08-21,0.3352726502415609
2015-08-24,0.35841464423206815
2015-08-25,0.3500975424078267
2015-08-26,0.3465692294477396
2015-08-27,0.3341459471548323
2015-08-28,0.3222729973174917
2015-08-31,0.31048321693772757
2015-09-01,0.3019953125464036
2015-09-02,0.30327560732772424
2015-09-03,0.2927653934466982
2015-09-04,0.28226245446392617
2015-09-08,0.27839764007620466
2015-09-09,0.26870168514544157
2015-09-10,0.2595534950641197
2015-09-11,0.2515042122907686
2015-09-14,0.24358975840539768
2015-09-15,0.23615105928197738
2015-09-16,0.2309227507198024
2015-09-17,0.22843962878625065
2015-09-18,0.23169821751580222
2015-09-21,0.22486575194991346
2015-09-22,0.2702964905432551
2015-09-23,0.26107475481172054
2015-09-24,0.2607327390259996
2015-09-25,0.2524081694398975
2015-09-28,0.294956344566446
2015-09-29,0.28467759869719295
2015-09-30,0.2763739510156484
2015-10-01,0.2672915486879449
2015-10-02,0.2583534091124017
2015-10-05,0.26107181081074227
2015-10-06,0.3086155802936722
2015-10-07,0.2990896728407719
2015-10-08,0.2885213094383151
2015-10-09,0.2900992802472974
2015-10-12,0.2883197849610741
2015-10-13,0.29705344367638625
2015-10-14,0.28662385595061696
2015-10-15,0.2784979159706586
2015-10-16,0.2819519959141982
2015-10-19,0.27609607458274377
2015-10-20,0.26652863786092484
2015-10-21,0.2604195476533972
2015-10-22,0.2592617218179344
2015-10-23,0.2530293477049649
2015-10-26,0.24795625581944894
2015-10-27,0.2479992419343253
2015-10-28,0.24526279049215763
2015-10-29,0.23744241744052388
2015-10-30,0.23143791219244958
2015-11-02,0.22527649411334508
2015-11-03,0.2188208637219038
2015-11-04,0.21622658948427226
2015-11-05,0.2104968123274079
2015-11-06,0.2059776580117368
2015-11-09,0.21850312949703948
2015-11-10,0.21281031553944935
2015-11-11,0.2071328269492791
2015-11-12,0.20558952502498762
2015-11-13,0.20561532530431678
2015-11-16,0.2062105904166903
2015-11-17,0.200868171694771
2015-11-18,0.19589129842849068
2015-11-19,0.1945368962433605
2015-11-20,0.19040041176426065
2015-11-23,0.1861157252894016
2015-11-24,0.21666138742286314
2015-11-25,0.21167190460710653
2015-11-27,0.20632732441438772
2015-11-30,0.20696249225403138
2015-12-01,0.21217234409790547
2015-12-02,0.2080191779620331
2015-12-03,0.20685299997824544
2015-12-04,0.2136378505789646
2015-12-07,0.21310656207634715
2015-12-08,0.2610604688573129
2015-12-09,0.2641204225348733
2015-12-10,0.25887156274878864
2015-12-11,0.312522819646822
2015-12-14,0.3012306558104603
2015-12-15,0.292150036796164
2015-12-16,0.2836838959123341
2015-12-17,0.28647809130891666
2015-12-18,0.29078840141931384
2015-12-21,0.28499936842035284
2015-12-22,0.2755208689010689
2015-12-23,0.2663596253188535
2015-12-24,0.2574019510415568
2015-12-28,0.24925135987592925
2015-12-29,0.24234935857146395
2015-12-30,0.2536613734883575
2015-12-31,0.2513339698488845
2016-01-04,0.30363854696003273
2016-01-05,0.29262729537758436
2016-01-06,0.2822137487791833
2016-01-07,0.3282963368665572
2016-01-08,0.3234528268542416
2016-01-11,0.3115611086127407
2016-01-12,0.30033553635891974
2016-01-13,0.356461782523737
2016-01-14,0.3428268215878098
2016-01-15,0.35024568177209553
2016-01-19,0.33672188702251
2016-01-20,0.32387147450802145
2016-01-21,0.3150705121080042
2016-01-22,0.3039055853386048
2016-01-25,0.30524779900926396
2016-01-26,0.2959491530651845
2016-01-27,0.28817833228749173
2016-01-28,0.3140713110107321
2016-01-29,0.31197681259991106
2016-02-01,0.30481018683764494
2016-02-02,0.365020768724192
2016-02-03,0.3514968790757608
2016-02-04,0.3387744205219751
2016-02-05,0.38721810133308593
2016-02-08,0.39455421072395114
2016-02-09,0.3810382232795025
2016-02-10,0.36851663951577546
2016-02-11,0.3586704799673372
2016-02-12,0.34867567853235765
2016-02-16,0.34200915250911046
2016-02-17,0.3386499130370478
2016-02-18,0.32578234206291784
2016-02-19,0.315164357121804
2016-02-22,0.30955664812760847
2016-02-23,0.29855205978187455
2016-02-24,0.2902684908838712
2016-02-25,0.2817163892995933
2016-02-26,0.2757537270826997
2016-02-29,0.26627200303449106
2016-03-01,0.26316937055820155
2016-03-02,0.25615145441710846
2016-03-03,0.24871524199373066
2016-03-04,0.24070381800046295
2016-03-07,0.23365102439321767
2016-03-08,0.26467941665343003
2016-03-09,0.2572186144119434
2016-03-10,0.2488265178794254
2016-03-11,0.24500280569822053
2016-03-14,0.23751457555274372
2016-03-15,0.2324590647834582
2016-03-16,0.2274002612135703
2016-03-17,0.22073901331663145
2016-03-18,0.22080093749800975
2016-03-21,0.215148546822887
2016-03-22,0.21671808138685614
2016-03-23,0.21102004264998148
2016-03-24,0.2259049003452559
2016-03-28,0.2209951583180048
2016-03-29,0.2174758910776089
2016-03-30,0.21238021094254522
2016-03-31,0.21140797998183514
2016-04-01,0.21731870789234875
2016-04-04,0.2125700336359761
2016-04-05,0.21156169312992368
2016-04-06,0.20600989296633304
2016-04-07,0.21731922970597886
2016-04-08,0.21238501642065052
2016-04-11,0.20686128395618159
2016-04-12,0.20207369348829154
2016-04-13,0.20380370556003147
2016-04-14,0.20169897570389395
2016-04-15,0.1968885715322248
2016-04-18,0.1920856777586502
2016-04-19,0.18836192290375461
2016-04-20,0.18505080707740781
2016-04-21,0.23198571507745905
2016-04-22,0.24838136886650738
2016-04-25,0.24749971636347382
2016-04-26,0.24018550081135204
2016-04-27,0.23270647863778954
2016-04-28,0.24258117981409855
2016-04-29,0.24267195635260372
2016-05-02,0.23529598041615585
2016-05-03,0.23060557235244772
2016-05-04,0.26342792790438907
2016-05-05,0.2547719050444927
2016-05-06,0.2465408688230006
2016-05-09,0.23923446908838203
2016-05-10,0.23414414790893237
2016-05-11,0.23362999208149623
2016-05-12,0.26529755671698146
2016-05-13,0.25633122868663505
2016-05-16,0.2505094417382307
2016-05-17,0.24268260011793183
2016-05-18,0.23516437230158826
2016-05-19,0.23922851753083285
2016-05-20,0.23181233530595388
2016-05-23,0.22509201318571923
2016-05-24,0.2210757055852135
2016-05-25,0.21479722623907413
2016-05-26,0.2157691933525266
2016-05-27,0.21003131766477112
2016-05-31,0.20444998019075475
2016-06-01,0.19962406668535734
2016-06-02,0.1978152228722552
2016-06-03,0.20111034284690582
2016-06-06,0.1962554050211102
2016-06-07,0.2015386781736945
2016-06-08,0.19659204866931926
2016-06-09,0.19388487305615154
2016-06-10,0.20950844469853716
2016-06-13,0.26257007064781773
2016-06-14,0.29530672461019236
2016-06-15,0.28466529398576146
2016-06-16,0.2844819438909964
2016-06-17,0.27457387858279597
2016-06-20,0.26765776058242735
2016-06-21,0.2596355229932915
2016-06-22,0.2514023913967407
2016-06-23,0.24376871743519513
2016-06-24,0.427792834442093
2016-06-27,0.46421005030050777
2016-06-28,0.4508043571218007
2016-06-29,0.43905109360984407
2016-06-30,0.4217822684750984
2016-07-01,0.40631695214450503
2016-07-05,0.3997813507406267
2016-07-06,0.3860987412566894
2016-07-07,0.37262200901181347
2016-07-08,0.3623539242232655
2016-07-11,0.3512944303572148
2016-07-12,0.36358164805171345
2016-07-13,0.3534153562028679
2016-07-14,0.34714579818859975
2016-07-15,0.33657505789942305
2016-07-18,0.3237208408490253
2016-07-19,0.31424276984522653
2016-07-20,0.3031443339401217
2016-07-21,0.3469973884627952
2016-07-22,0.33704017742696496
2016-07-25,0.32804081880156316
2016-07-26,0.319236708415558
2016-07-27,0.3099202820081319
2016-07-28,0.29878016801655366
2016-07-29,0.29306693365168307
2016-08-01,0.28255995257643995
2016-08-02,0.35369073270302115
2016-08-03,0.3399312642285202
2016-08-04,0.3275262994020481
2016-08-05,0.3220679058832159
2016-08-08,0.31030371186951666
2016-08-09,0.29887765256037463
2016-08-10,0.29096595883367526
2016-08-11,0.2817704129251331
2016-08-12,0.27287355533286844
2016-08-15,0.2656055654537382
2016-08-16,0.25668622713344014
2016-08-17,0.24823659842980447
2016-08-18,0.24047998502993964
2016-08-19,0.23551853430250455
2016-08-22,0.2301003754886115
2016-08-23,0.2240622538492372
2016-08-24,0.21753723819153353
2016-08-25,0.21142287955658914
2016-08-26,0.21499704649134138
2016-08-29,0.20907444033166753
2016-08-30,0.21139194686647833
2016-08-31,0.20939276205255997
2016-09-01,0.2042414453532877
2016-09-02,0.20164524492285954
2016-09-06,0.1977199109852116
2016-09-07,0.21192622584286258
2016-09-08,0.206402546495919
2016-09-09,0.24146144039991146
2016-09-12,0.2347878352896504
2016-09-13,0.2506352042311694
2016-09-14,0.2577468711740261
2016-09-15,0.2502987071480794
2016-09-16,0.26302948199774107
2016-09-19,0.2545437612670953
2016-09-20,0.24636673639109644
2016-09-21,0.23849418106109002
2016-09-22,0.23226151898237468
2016-09-23,0.22542578113427933
2016-09-26,0.23339079159212772
2016-09-27,0.2357576603209321
2016-09-28,0.22850316059083298
2016-09-29,0.22196121553100218
2016-09-30,0.21703529390401
2016-10-03,0.21599512494498574
2016-10-04,0.2100636503538868
2016-10-05,0.2048840023037426
2016-10-06,0.19991558818661442
2016-10-07,0.21157997636827547
2016-10-10,0.21070698991727826
2016-10-11,0.21291224671211378
2016-10-12,0.2071780191043442
2016-10-13,0.20830572531738056
2016-10-14,0.20323090316189615
2016-10-17,0.1995498884990919
2016-10-18,0.19771430297274906
2016-10-19,0.1985731522638446
2016-10-20,0.19606720276476633
2016-10-21,0.19580965757592242
2016-10-24,0.1910608311507097
2016-10-25,0.18792762436640334
2016-10-26,0.20247385609011354
2016-10-27,0.19735448411424558
2016-10-28,0.1925800270017636
2016-10-31,0.18961732515780302
2016-11-01,0.18793493235691977
2016-11-02,0.18371757999712493
2016-11-03,0.18132809048793294
2016-11-04,0.17921321045056918
2016-11-07,0.1893164018250928
2016-11-08,0.18727109227000305
2016-11-09,0.18649506695888768
2016-11-10,0.183893960749123
2016-11-11,0.18130918895632397
2016-11-14,0.18578030896733919
2016-11-15,0.18885434387379074
2016-11-16,0.18997873249392944
2016-11-17,0.19391794862776374
2016-11-18,0.19042330739696756
2016-11-21,0.1861712985398125
2016-11-22,0.18241253246419228
2016-11-23,0.17949499157358126
2016-11-25,0.17591318540689327
2016-11-28,0.1756290294911408
2016-11-29,0.17293584243874954
2016-11-30,0.18038917927636347
2016-12-01,0.1774086874986679
2016-12-02,0.1765838327820528
2016-12-05,0.18004862343267164
2016-12-06,0.18523952278064204
2016-12-07,0.19651884184474525
2016-12-08,0.1918108318109277
2016-12-09,0.19108127380777007
2016-12-12,0.22968460026741017
2016-12-13,0.22310704515994112
2016-12-14,0.21848536793112716
2016-12-15,0.21871183507071582
2016-12-16,0.21489927035706755
2016-12-19,0.2096467228458389
2016-12-20,0.2063032622136645
2016-12-21,0.20087049260655485
2016-12-22,0.20820571461897966
2016-12-23,0.2029286219339204
2016-12-27,0.19773507731305542
2016-12-28,0.2096169105773673
2016-12-29,0.204119382715116
2016-12-30,0.2041942457563386
2017-01-03,0.19895895054005489
2017-01-04,0.1992019879418878
2017-01-05,0.2009239288885224
2017-01-06,0.19835583480200425
2017-01-09,0.1934547668060935
2017-01-10,0.19779675022608437
2017-01-11,0.19366262003804452
2017-01-12,0.19463434948641517
2017-01-13,0.18997873249392944
2017-01-17,0.18888636583935856
2017-01-18,0.18460701286787562
2017-01-19,0.18193806638524
2017-01-20,0.18084534497741434
2017-01-23,0.19679146627839328
2017-01-24,0.1928076450766411
2017-01-25,0.18868587228512898
2017-01-26,0.19243413418621966
2017-01-27,0.21986164740581746
2017-01-30,0.24153312816257733
2017-01-31,0.23625934648178468
2017-02-01,0.22934197696889247
2017-02-02,0.22260430184522492
2017-02-03,0.21647561802660364
2017-02-06,0.21068318869810188
2017-02-07,0.20971979305730779
2017-02-08,0.2043646065247111
2017-02-09,0.20682424712784525
2017-02-10,0.20136730320486493
2017-02-13,0.2010046208424075
2017-02-14,0.2005686745232166
2017-02-15,0.20324925387316925
2017-02-16,0.19856185736439919
2017-02-17,0.19364602861923094
2017-02-21,0.1891130994933984
2017-02-22,0.18496281464121375
2017-02-23,0.18363382041443238
2017-02-24,0.1797699529954881
2017-02-27,0.17647826835052527
2017-02-28,0.1747068745069867
2017-03-01,0.17965468877822255
2017-03-02,0.2157870033157697
2017-03-03,0.21300501965916202
2017-03-06,0.2245345185043939
2017-03-07,0.2321068572877587
2017-03-08,0.22509649130983808
2017-03-09,0.22208203889553968
2017-03-10,0.21653689939592283
2017-03-13,0.2224848381350963
2017-03-14,0.2490080384244653
2017-03-15,0.24760400723736278
2017-03-16,0.23964618920400133
2017-03-17,0.23242729960140224
2017-03-20,0.225400068322971
2017-03-21,0.2554093373391036
2017-03-22,0.24746142972188614
2017-03-23,0.2415209208329581
2017-03-24,0.2340244371855213
2017-03-27,0.22695139391508481
2017-03-28,0.22306971197363393
2017-03-29,0.22266180274128744
2017-03-30,0.21636505817714655
2017-03-31,0.21039766348512523
2017-04-03,0.20478705818483747
2017-04-04,0.22149779953760262
2017-04-05,0.2151361894242807
2017-04-06,0.20924588598106297
2017-04-07,0.2039163799207901
2017-04-10,0.19885050062798434
2017-04-11,0.19583166342550432
2017-04-12,0.19213231066116912
2017-04-13,0.1989989708516102
2017-04-17,0.19630842875434565
2017-04-18,0.1917658947779818
2017-04-19,0.1902522514978469
2017-04-20,0.18845026717943383
2017-04-21,0.18425736240378565
2017-04-24,0.18834004778591304
2017-04-25,0.1843330464132788
2017-04-26,0.18523755018893984
2017-04-27,0.20283012202333262
2017-04-28,0.19765623794861623
2017-05-01,0.19337261853737203
2017-05-02,0.2037150922244103
2017-05-03,0.19845147618498582
2017-05-04,0.1935373359328892
2017-05-05,0.19050990210485122
2017-05-08,0.1871895958647275
2017-05-09,0.18977547576017298
2017-05-10,0.1854505368015957
2017-05-11,0.18211935317258296
2017-05-12,0.18302509008329979
2017-05-15,0.18088240710472647
2017-05-16,0.1779164815299583
2017-05-17,0.23457087287214498
2017-05-18,0.22757755601113216
2017-05-19,0.2250044479560349
2017-05-22,0.219143484502734
2017-05-23,0.21358299370502323
2017-05-24,0.20793351245049463
2017-05-25,0.21205282643718756
2017-05-26,0.20626221563825012
2017-05-30,0.21446225122384593
2017-05-31,0.20879226709818544
2017-06-01,0.20536177833277547
2017-06-02,0.20238659046488233
2017-06-05,0.19721429562787787
2017-06-06,0.19286272734771748
2017-06-07,0.1912666086905919
2017-06-08,0.18682879542511643
2017-06-09,0.1849487128908985
2017-06-12,0.1863400150262954
2017-06-13,0.1823996151311729
2017-06-14,0.17868689039770097
2017-06-15,0.17881208012883246
2017-06-16,0.1752537759935574
2017-06-19,0.177299208120059
2017-06-20,0.19544330226436515
2017-06-21,0.19163325598653277
2017-06-22,0.1872969941029487
2017-06-23,0.18315405646613456
2017-06-26,0.17928013052204084
2017-06-27,0.175950641942563
2017-06-28,0.1737503864743903
2017-06-29,0.17082858777148513
2017-06-30,0.16808600298656637
2017-07-03,0.1657138956153044
2017-07-05,0.16366317362192387
2017-07-06,0.1614517054725654
2017-07-07,0.1683316975498079
2017-07-10,0.16875639721207605
2017-07-11,0.17231425477887777
2017-07-12,0.17752157728005913
2017-07-13,0.17533004078023823
2017-07-14,0.17201873386349523
2017-07-17,0.16892811133733784
2017-07-18,0.17190127748216416
2017-07-19,0.1730822278571662
2017-07-20,0.19195588555707271
2017-07-21,0.19081831987521533
2017-07-24,0.19249541085438893
2017-07-25,0.19393919459459455
2017-07-26,0.18964383670449195
2017-07-27,0.23569709968516797
2017-07-28,0.22880084090754563
2017-07-31,0.22829071203183016
2017-08-01,0.2231867738016749
2017-08-02,0.21741777204267365
2017-08-03,0.21137829689918497
2017-08-04,0.2074339017615009
2017-08-07,0.20343743903224895
2017-08-08,0.20218402904284996
2017-08-09,0.20005029367636532
2017-08-10,0.20983835778999033
2017-08-11,0.20427167204485305
2017-08-14,0.201675735774039
2017-08-15,0.1965419222456115
2017-08-16,0.1917532132716425
2017-08-17,0.2610774574719158
2017-08-18,0.2527314883428656
2017-08-21,0.24498300512484533
2017-08-22,0.23837559774440004
2017-08-23,0.25208258646721315
2017-08-24,0.25438040726439604
2017-08-25,0.2577711170786984
2017-08-28,0.25290029181477824
2017-08-29,0.2448133746346388
2017-08-30,0.2372464187295564
2017-08-31,0.23052250649340078
2017-09-01,0.22440479674017666
2017-09-05,0.24883573376828338
2017-09-06,0.24152248590969744
2017-09-07,0.23485158121673355
2017-09-08,0.22783685215522093
2017-09-11,0.23052332636850442
2017-09-12,0.22489180598679004
2017-09-13,0.2185939907682734
2017-09-14,0.21337257836938656
2017-09-15,0.20980791214823144
2017-09-18,0.20972970605043056
2017-09-19,0.2047543845684385
2017-09-20,0.20146138984927114
2017-09-21,0.1967277489323761
2017-09-22,0.19224972821827344
2017-09-25,0.1877402684561839
2017-09-26,0.18393814938723288
2017-09-27,0.1800283277709372
2017-09-28,0.17636121002079794
2017-09-29,0.17297977107164872
2017-10-02,0.1699748428444633
2017-10-03,0.20069616139826893
2017-10-04,0.19569630757886056
2017-10-05,0.19095482397677205
2017-10-06,0.1869512963314242
2017-10-09,0.18869508737643384
2017-10-10,0.19104869641010377
2017-10-11,0.18702117420228118
2017-10-12,0.18324924338179407
2017-10-13,0.17959169691274707
2017-10-16,0.17880094630622065
2017-10-17,0.17526549460746688
2017-10-18,0.17206919422139458
2017-10-19,0.2161913319261436
2017-10-20,0.2118588530130379
2017-10-23,0.2199300634292638
2017-10-24,0.2145557633809915
2017-10-25,0.23383166252669893
2017-10-26,0.24004187634660748
2017-10-27,0.23507755741456904
2017-10-30,0.22821530623514277
2017-10-31,0.22160176172584908
2017-11-01,0.21564021702827144
2017-11-02,0.21177152783129274
2017-11-03,0.20599906698817838
2017-11-06,0.2013810060556854
2017-11-07,0.21743596850567298
2017-11-08,0.21142544217761494
2017-11-09,0.21005585257259557
2017-11-10,0.20511006801227483
2017-11-13,0.2042862286107412
2017-11-14,0.199265483212723
2017-11-15,0.19779579469746064
2017-11-16,0.19995295946797087
2017-11-17,0.1993201083684233
2017-11-20,0.19448053887214525
2017-11-21,0.1960657889587064
2017-11-22,0.19130850164067462
2017-11-24,0.1870708208139367
2017-11-27,0.18437569471055562
2017-11-28,0.18545671947923592
2017-11-29,0.19505713932076418
2017-11-30,0.19701767230378092
2017-12-01,0.20811007568111642
2017-12-04,0.20881175828961357
2017-12-05,0.21419482346686158
2017-12-06,0.20943662430434654
2017-12-07,0.20999753998559126
2017-12-08,0.20479499505603158
2017-12-11,0.19950536834882415
2017-12-12,0.19862022857705103
2017-12-13,0.19371446719334104
2017-12-14,0.18930149286257625
2017-12-15,0.18714146200134274
2017-12-18,0.18570250079091558
2017-12-19,0.18193134859061538
2017-12-20,0.17946522560095032
2017-12-21,0.17810752145824724
2017-12-22,0.17475115106917036
2017-12-26,0.1717003972039669
2017-12-27,0.17118233436894123
2017-12-28,0.16816978920127124
2017-12-29,0.1676624609147796
2018-01-02,0.1699679487432851
2018-01-03,0.1793241210768925
2018-01-04,0.17574600194599022
2018-01-05,0.17238904257521706
2018-01-08,0.17459685564178984
2018-01-09,0.17512395609967246
2018-01-10,0.1807042722239848
2018-01-11,0.20126785138218176
2018-01-12,0.20183561231854005
2018-01-16,0.20680060831632
2018-01-17,0.201376751389032
2018-01-18,0.19716062081460387
2018-01-19,0.19232239807157148
2018-01-22,0.18786700402146195
2018-01-23,0.1843620948025922
2018-01-24,0.29183882812264716
2018-01-25,0.3079497413540073
2018-01-26,0.2978718476123583
2018-01-29,0.28712377331039657
2018-01-30,0.27694201631388476
2018-01-31,0.2690372702805319
2018-02-01,0.25989434776462533
2018-02-02,0.2903626711545408
2018-02-05,0.3361267635877869
2018-02-06,0.32608812673876986
2018-02-07,0.3148059802481522
2018-02-08,0.36712894410547364
2018-02-09,0.3527156327695159
2018-02-12,0.3443096222878472
2018-02-13,0.3315610532013674
2018-02-14,0.3200488581451276
2018-02-15,0.3099215829851158
2018-02-16,0.29855049824108487
2018-02-20,0.2896791487145735
2018-02-21,0.2811626312296853
2018-02-22,0.27230477630772476
2018-02-23,0.26402761900983013
2018-02-26,0.26462138008860886
2018-02-27,0.2763117587074427
2018-02-28,0.2675791808044864
2018-03-01,0.2620791346139559
2018-03-02,0.25328527237089804
2018-03-05,0.2451485092755002
2018-03-06,0.23759678785707522
2018-03-07,0.23079749305397582
2018-03-08,0.22579382365334977
2018-03-09,0.22372555061950344
2018-03-12,0.21742495808899218
2018-03-13,0.21244516468962057
2018-03-14,0.21931745758147025
2018-03-15,0.21335887794980551
2018-03-16,0.20960927651227654
2018-03-19,0.20788963610531433
2018-03-20,0.2026878151246394
2018-03-21,0.20881519772277113
2018-03-22,0.2512182373952974
2018-03-23,0.2560900583779074
2018-03-26,0.2506817017654061
2018-03-27,0.25779496969491084
2018-03-28,0.25022379023586067
2018-03-29,0.2485985945253915
2018-04-02,0.3120943588083578
2018-04-03,0.3097104279807188
2018-04-04,0.298683875025084
2018-04-05,0.28969985226092193
2018-04-06,0.3010714984849944
2018-04-09,0.29344864013997407
2018-04-10,0.2899191059588864
2018-04-11,0.2933065679455542
2018-04-12,0.28797796790726893
2018-04-13,0.279271757970619
2018-04-16,0.2709068836334729
2018-04-17,0.2618821368478576
2018-04-18,0.2607897083858947
2018-04-19,0.2561198235201641
2018-04-20,0.24766847356900315
2018-04-23,0.23976325072871366
2018-04-24,0.24860361220223653
2018-04-25,0.24108825769829603
2018-04-26,0.24801250210422862
2018-04-27,0.24100624307266402
2018-04-30,0.24272517051183629
2018-05-01,0.23549905987073494
2018-05-02,0.23122309227237664
2018-05-03,0.23128858337583375
2018-05-04,0.2258616700549254
2018-05-07,0.22400584367377563
2018-05-08,0.21765270225751854
2018-05-09,0.22207052123143226
2018-05-10,0.21643312408224394
2018-05-11,0.2118015127424731
2018-05-14,0.21001121970028172
2018-05-15,0.20441441729975895
2018-05-16,0.20310227768294475
2018-05-17,0.19866025369962656
2018-05-18,0.19551149838308743
2018-05-21,0.19546380227551086
2018-05-22,0.20578940789068811
2018-05-23,0.2044788820391974
2018-05-24,0.20280607979052306
2018-05-25,0.20476496868361055
2018-05-29,0.23193574110084889
2018-05-30,0.22524405164176922
2018-05-31,0.21964869951811689
2018-06-01,0.21349206542632915
2018-06-04,0.2109166593704727
2018-06-05,0.21413198920292129
2018-06-06,0.20843911916912333
2018-06-07,0.20457221512219104
2018-06-08,0.19932472300244145
2018-06-11,0.1983839731429936
2018-06-12,0.1954679278040262
2018-06-13,0.19081257505730592
2018-06-14,0.18644979485105367
2018-06-15,0.18255366553427518
2018-06-18,0.17873708960369697
2018-06-19,0.1929237372642361
2018-06-20,0.18908058282118764
2018-06-21,0.18484738028979475
2018-06-22,0.1913921283647789
2018-06-25,0.22241737791818333
2018-06-26,0.220746376640705
2018-06-27,0.23137093853809731
2018-06-28,0.22450247392846254
2018-06-29,0.21830322856064224
2018-07-02,0.21412410420127856
2018-07-03,0.21249960376433646
2018-07-05,0.20876679908452875
2018-07-06,0.2041462946026697
2018-07-09,0.20106397489356467
2018-07-10,0.19757813239323832
2018-07-11,0.24225320802829423
2018-07-12,0.24014877638663915
2018-07-13,0.23491498802758415
2018-07-16,0.2287382180572368
2018-07-17,0.22284953937578603
2018-07-18,0.22871579744302753
2018-07-19,0.22193839415477443
2018-07-20,0.21793288508162323
2018-07-23,0.21185879353947054
2018-07-24,0.23148347586814919
2018-07-25,0.22767724787514454
2018-07-26,0.23045761779555043
2018-07-27,0.2240276107983121
2018-07-30,0.22135929707152577
2018-07-31,0.21602720661990701
2018-08-01,0.23126542932310487
2018-08-02,0.22428713471797707
2018-08-03,0.2186939752256564
2018-08-06,0.21250849771244443
2018-08-07,0.2074487223387987
2018-08-08,0.20286670796362816
2018-08-09,0.1993716218522586
2018-08-10,0.21657850031801404
2018-08-13,0.21271550296111472
2018-08-14,0.20899234244344936
2018-08-15,0.20389351632653746
2018-08-16,0.19884587498864542
2018-08-17,0.19400675039802096
2018-08-20,0.20544330312765127
2018-08-21,0.20066658914727187
2018-08-22,0.2096324182944995
2018-08-23,0.204242555800695
2018-08-24,0.19913435966703485
2018-08-27,0.1952730303959049
2018-08-28,0.1939306185211608
2018-08-29,0.18937622554058892
2018-08-30,0.19230359435018368
2018-08-31,0.18852527045465284
2018-09-04,0.18436250486473654
2018-09-05,0.18547540214271002
2018-09-06,0.1901455947425551
2018-09-07,0.1858729307887515
2018-09-10,0.18326918235208012
2018-09-11,0.1799642064411699
2018-09-12,0.18516516195008173
2018-09-13,0.18295774922096084
2018-09-14,0.17915962826485213
2018-09-17,0.17721412133348743
2018-09-18,0.17376945761554305
2018-09-19,0.17128027557194084
2018-09-20,0.16902064962601465
2018-09-21,0.17016857876823208
2018-09-24,0.2117382657905746
2018-09-25,0.21166041576071798
2018-09-26,0.20699487819750517
2018-09-27,0.20223194703112563
2018-09-28,0.19750057012575936
2018-10-01,0.21933124538013274
2018-10-02,0.22928988813290482
2018-10-03,0.22253449979722245
2018-10-04,0.2229010417203114
2018-10-05,0.22620555430846523
2018-10-08,0.22177522674996863
2018-10-09,0.2441573107650066
2018-10-10,0.29835853532285617
2018-10-11,0.2875454037191344
2018-10-12,0.2782465697901773
2018-10-15,0.269495241516432
2018-10-16,0.2711501635625544
2018-10-17,0.2636568428848377
2018-10-18,0.29901842618808633
2018-10-19,0.288176277302626
2018-10-22,0.2783620189609208
2018-10-23,0.27332947810289326
2018-10-24,0.3597356829673698
2018-10-25,0.3518364699686489
2018-10-26,0.3396415045308803
2018-10-29,0.32863064799254493
2018-10-30,0.32587658215956544
2018-10-31,0.31358783458546347
2018-11-01,0.3124841935202483
2018-11-02,0.3019768289124184
2018-11-05,0.29097552886797884
2018-11-06,0.2806618826987377
2018-11-07,0.27854541676358635
2018-11-08,0.2698198465643326
2018-11-09,0.2606186179074703
2018-11-12,0.2575320780019452
2018-11-13,0.252776354115649
2018-11-14,0.2446126709718857
2018-11-15,0.23823976746126999
2018-11-16,0.23392438008895095
2018-11-19,0.22999620083818773
2018-11-20,0.23858788569414
2018-11-21,0.23717938527620822
2018-11-23,0.23506335316250387
2018-11-26,0.2287257134648398
2018-11-27,0.2239877309139945
2018-11-28,0.22243318277631152
2018-11-29,0.21601653270062457
2018-11-30,0.21865634955335736
2018-12-03,0.21425499294065473
2018-12-04,0.32804066516211067
2018-12-06,0.31619150652729433
2018-12-07,0.40700770803511815
2018-12-10,0.3908589786611023
2018-12-11,0.3751911976579408
2018-12-12,0.3613500386052283
2018-12-13,0.3720307680824262
2018-12-14,0.3592152797418284
2018-12-17,0.35838152686766656
2018-12-18,0.3501748763118222
2018-12-19,0.3519486871690247
2018-12-20,0.35907806950578314
2018-12-21,0.3658379444508183
2018-12-24,0.3747733619135704
2018-12-26,0.3803260432839171
2018-12-27,0.3653778269134568
2018-12-28,0.3510309935034227
2018-12-31,0.33743252125425016
2019-01-02,0.3249589697177169
2019-01-03,0.39353529346171734
2019-01-04,0.3954961203349535
2019-01-07,0.3808129997781063
2019-01-08,0.3656619405954084
2019-01-09,0.3550088353830085
2019-01-10,0.34204698624604196
2019-01-11,0.3289000741866745
2019-01-14,0.31688567591483213
2019-01-15,0.305164364892102
2019-01-16,0.29645319360735517
2019-01-17,0.2882306201637848
2019-01-18,0.2781241866504961
2019-01-22,0.2842130144803366
2019-01-23,0.27417329410429453
2019-01-24,0.2736584674370592
2019-01-25,0.26485720832176723
2019-01-28,0.25727503959770365
2019-01-29,0.24929599274757708
2019-01-30,0.24392362985164023
2019-01-31,0.23803505624172253
2019-02-01,0.23137377033708897
2019-02-04,0.22647476680637074
2019-02-05,0.2199567593869304
2019-02-06,0.21372706613810052
2019-02-07,0.2098661573479631
2019-02-08,0.20479019605440102
2019-02-11,0.2003216343783167
2019-02-12,0.19745660890433628
2019-02-13,0.19312035314797868
2019-02-14,0.18857939866273835
2019-02-15,0.18441621512220663
2019-02-19,0.18098449767866862
2019-02-20,0.19846569779183504
2019-02-21,0.19360939233415306
2019-02-22,0.19020548887979022
2019-02-25,0.1861890974251715
2019-02-26,0.18212032176558443
2019-02-27,0.19664786497696843
2019-02-28,0.19184564420387554
2019-03-01,0.1920180366528103
2019-03-04,0.21049172430288085
2019-03-05,0.20479376455351367
2019-03-06,0.2085591369372246
2019-03-07,0.21821449814345517
2019-03-08,0.21586266467362994
2019-03-11,0.21076666055142593
2019-03-12,0.22129997740623475
2019-03-13,0.21962689999178153
2019-03-14,0.21344230695904692
2019-03-15,0.2078470235533817
2019-03-18,0.20317782556174777
2019-03-19,0.1982839146274856
2019-03-20,0.20972898512127505
2019-03-21,0.20494813490246747
2019-03-22,0.24153990974578093
2019-03-25,0.23590314537962395
2019-03-26,0.2287420739610446
2019-03-27,0.22511311556637478
2019-03-28,0.2185083192924242
2019-03-29,0.21839071134093593
2019-04-01,0.215586921681256
2019-04-02,0.21316154155944733
2019-04-03,0.21051381142338382
2019-04-04,0.20526321833197492
2019-04-05,0.20063613333594724
2019-04-08,0.19842798290563757
2019-04-09,0.2011902085092612
2019-04-10,0.19932130944783602
2019-04-11,0.1968598354159629
2019-04-12,0.1923243635112307
2019-04-15,0.1927831372293749
2019-04-16,0.18900546658760958
2019-04-17,0.18805644471806862
2019-04-18,0.18417938972642947
2019-04-22,0.1936842843392308
2019-04-23,0.1905014362150585
2019-04-24,0.18610678869939162
2019-04-25,0.1919485337271426
2019-04-26,0.18787062569757942
2019-04-29,0.18561875444038517
2019-04-30,0.18225760231057578
2019-05-01,0.18170231038707244
2019-05-02,0.1784517111153603
2019-05-03,0.17717330498695336
2019-05-06,0.17979714569480795
2019-05-07,0.19803268821081027
2019-05-08,0.19603365425354902
2019-05-09,0.19208521858800068
2019-05-10,0.18815022296027184
2019-05-13,0.25684909577415294
2019-05-14,0.24973396164718967
2019-05-15,0.2416653868471859
2019-05-16,0.23429778744153773
2019-05-17,0.23193976114500078
2019-05-20,0.2284326237646453
2019-05-21,0.22401444953395305
2019-05-22,0.24010323029896957
2019-05-23,0.23843246591016085
2019-05-24,0.2310819672756834
2019-05-28,0.22782219646030982
2019-05-29,0.2239715856978291
2019-05-30,0.21755345550002186
2019-05-31,0.2319952197783394
2019-06-03,0.2250997378941166
2019-06-04,0.2441332611505446
2019-06-05,0.23937763053384917
2019-06-06,0.23196789950335803
2019-06-07,0.22550435472513608
2019-06-10,0.21889708814874628
2019-06-11,0.21268706871834028
2019-06-12,0.20714651336674728
2019-06-13,0.21558376562255332
2019-06-14,0.21440161100141017
2019-06-17,0.2162464011261228
2019-06-18,0.21153530769117482
2019-06-19,0.20628616046647433
2019-06-20,0.20607208544584588
2019-06-21,0.2048344287467319
2019-06-24,0.199697649460378
2019-06-25,0.20363454618507146
2019-06-26,0.19851667134021767
2019-06-27,0.195211592893455
2019-06-28,0.1930467435622782
2019-07-01,0.18975276756874984
2019-07-02,0.1854868825550745
2019-07-03,0.18460332716394903
2019-07-05,0.1810678822983248
2019-07-08,0.17749914704020409
2019-07-09,0.18378903014053916
2019-07-10,0.1805800454092312
2019-07-11,0.17688454878818557
2019-07-12,0.17686852065870853
2019-07-15,0.17342251410932782
2019-07-16,0.17867419735373097
2019-07-17,0.19099645546449284
2019-07-18,0.18709547081637226
2019-07-19,0.1905093068592713
2019-07-22,0.18613501873640004
2019-07-23,0.18852573829586242
2019-07-24,0.18731044818696047
2019-07-25,0.2514454899177951
2019-07-26,0.24414089948224568
2019-07-29,0.23799694115681405
2019-07-30,0.2315813230811155
2019-07-31,0.2356387693059018
2019-08-01,0.23451215490886607
2019-08-02,0.22935065729140608
2019-08-05,0.2782367430804207
2019-08-06,0.2703283270395465
2019-08-07,0.2615518235455452
2019-08-08,0.2565357799606129
2019-08-09,0.2645715699012273
2019-08-12,0.29237146098755945
2019-08-13,0.2819389465824117
2019-08-14,0.32300660488603017
2019-08-15,0.31521264822338585
2019-08-16,0.3087064080967546
2019-08-19,0.29849229336785227
2019-08-20,0.2918451315338325
2019-08-21,0.2827954356067297
2019-08-22,0.2728949336283105
2019-08-23,0.2952447222220916
2019-08-26,0.28473429087484353
2019-08-27,0.27658996511081163
2019-08-28,0.2683112588021606
2019-08-29,0.26677671337656145
2019-08-30,0.2577154360918259
2019-09-03,0.25819768705393165
2019-09-04,0.25037928828080014
2019-09-05,0.24815725095189137
2019-09-06,0.24016708683747656
2019-09-09,0.2342519643460861
2019-09-10,0.22829761102560842
2019-09-11,0.22684782829024397
2019-09-12,0.22040495094257753
2019-09-13,0.21592493695726764
2019-09-16,0.24758100492566065
2019-09-17,0.24033276181161817
2019-09-18,0.23294941081702697
2019-09-19,0.22954620711307777
2019-09-20,0.22475802988992408
2019-09-23,0.22051359958061542
2019-09-24,0.21547426853339124
2019-09-25,0.21026748964117112
2019-09-26,0.20555305592474174
2019-09-27,0.20408135436634087
2019-09-30,0.19879916901234773
2019-10-01,0.19581686444226404
2019-10-02,0.24831429680950715
2019-10-03,0.2453482610494723
2019-10-04,0.23984989305813753
2019-10-07,0.23264788587047164
2019-10-08,0.22673321238848093
2019-10-09,0.22245918187388897
2019-10-10,0.21662649145476184
2019-10-11,0.21427974985985024
2019-10-14,0.20840478113517452
2019-10-15,0.207055801174466
2019-10-16,0.201701536930188
2019-10-17,0.19670404978037437
2019-10-18,0.19191413392452364
2019-10-21,0.18976471958717722
2019-10-22,0.1854198241828527
2019-10-23,0.18137457153636505
2019-10-24,0.17841682768169598
2019-10-25,0.18467034087800888
2019-10-28,0.1818228599489074
2019-10-29,0.17831983849252445
2019-10-30,0.17541165981769855
2019-10-31,0.17461251501539057
2019-11-01,0.1732504545448583
2019-11-04,0.17285720927979836
2019-11-05,0.170391380063664
2019-11-06,0.16754262741165307
2019-11-07,0.16526887547266728
2019-11-08,0.16266088527977463
2019-11-11,0.1602981833958202
2019-11-12,0.16870053941822474
2019-11-13,0.16637824737627213
2019-11-14,0.16370143188133696
2019-11-15,0.16213095817887463
2019-11-18,0.1609721280222138
2019-11-19,0.16002598414007643
2019-11-20,0.18373561657991083
2019-11-21,0.18116319162567213
2019-11-22,0.1791037085043188
2019-11-25,0.17783920040306075
2019-11-26,0.17474069588965244
2019-11-27,0.17154130114931504
2019-11-29,0.16893005061267224
2019-12-02,0.17672584191339988
2019-12-03,0.19107441586983853
2019-12-04,0.18813508763651718
2019-12-05,0.18481370403733594
2019-12-06,0.1828811515711775
2019-12-09,0.18025599795845906
2019-12-10,0.18424327504687926
2019-12-11,0.18036773436510203
2019-12-12,0.17951085538206318
2019-12-13,0.17601243137915001
2019-12-16,0.17529187659443893
2019-12-17,0.17285028435035912
2019-12-18,0.1724502084660961
2019-12-19,0.17058065423722585
2019-12-20,0.16788333449154505
2019-12-23,0.16592073288169867
2019-12-24,0.16355011708953313
2019-12-26,0.16109168693635312
2019-12-27,0.1749884956218551
2019-12-30,0.17451196749793407
2019-12-31,0.17134316093734234
2020-01-02,0.1710127363677922
2020-01-03,0.20412203702687273
2020-01-06,0.20008959193321377
2020-01-07,0.1957915748953463
2020-01-08,0.19331631281399922
2020-01-09,0.1892094839060664
2020-01-10,0.18526149195124172
2020-01-13,0.181277079632258
2020-01-14,0.17891478865649985
2020-01-15,0.17544311898732307
2020-01-16,0.17661793680144722
2020-01-17,0.17323481751657202
2020-01-21,0.24187379767143033
2020-01-22,0.23428724677199142
2020-01-23,0.23396892101302688
2020-01-24,0.24666318898449363
2020-01-27,0.29897198664757874
2020-01-28,0.2905149875651857
2020-01-29,0.2843892276440864
2020-01-30,0.27504709414934747
2020-01-31,0.29773188609888596
2020-02-03,0.28758606503097467
2020-02-04,0.2879660667509282
2020-02-05,0.2828877834053638
2020-02-06,0.27933459936069505
2020-02-07,0.2763170027341785
2020-02-10,0.26672947868580255
2020-02-11,0.2638696587332466
2020-02-12,0.2578484345502218
2020-02-13,0.2525846218596849
2020-02-14,0.2513637969159441
2020-02-18,0.24648259979154713
2020-02-19,0.2428032314447236
2020-02-20,0.23515403122209066
2020-02-21,0.23739651134757647
2020-02-24,0.39880381492658773
2020-02-25,0.5108598163880186
2020-02-26,0.5252260313426973
2020-02-27,0.5746293379214117
2020-02-28,0.5744225274134015
2020-03-02,0.5507820585313215
2020-03-03,0.5399895332318952
2020-03-04,0.5212945232783479
2020-03-05,0.7122173628886058
2020-03-06,0.6818610239630948
2020-03-09,0.7536110588360551
2020-03-10,0.7392063067912774
2020-03-11,0.8071810280228345
2020-03-12,1.253077885847484
2020-03-13,1.2177023429393574
2020-03-16,1.3186620309996036
2020-03-17,1.2619056589143265
2020-03-18,1.6418347419883645
2020-03-19,1.5889002611869631
2020-03-20,1.5190013732712686
2020-03-23,1.450641244415724
2020-03-24,1.4665234317937101
2020-03-25,1.4206694788021597
2020-03-26,1.3592495797314046
2020-03-27,1.3648591311926663
2020-03-30,1.3466952350105053
2020-03-31,1.2863347931234699
2020-04-01,1.3806509508199383
2020-04-02,1.3311930123013718
2020-04-03,1.2806780251101366
2020-04-06,1.2282569503161787
2020-04-07,1.1799216397710486
2020-04-08,1.139772087743861
2020-04-09,1.1059801643790905
2020-04-13,1.0894696838370492
2020-04-14,1.0441105631110146
2020-04-15,1.0006017249635342
2020-04-16,1.0243138601034354
2020-04-17,0.9842925845499396
2020-04-20,0.9502573756619836
2020-04-21,0.9134919309988458
2020-04-22,0.8826060774773761
2020-04-23,0.8434220295913548
2020-04-24,0.806215916488877
2020-04-27,0.7706593722261477
2020-04-28,0.764165568447048
2020-04-29,0.7632254712730702
2020-04-30,0.7456170330672443
2020-05-01,0.8190595362975759
2020-05-04,0.8181195267196597
2020-05-05,0.7961284896296578
2020-05-06,0.7789232953250276
2020-05-07,0.744828965602171
2020-05-08,0.7335142697998451
2020-05-11,0.7184385568717759
2020-05-12,0.7263476440383075
2020-05-13,0.7312660582852181
2020-05-14,0.6991526871864256
2020-05-15,0.6718694873262218
2020-05-18,0.7104795563561277
2020-05-19,0.6831852252500781
2020-05-20,0.6607358443432595
2020-05-21,0.6336355103685398
2020-05-22,0.612164125051444
2020-05-26,0.6615614257194868
2020-05-27,0.6440471939229299
2020-05-28,0.655034402149994
2020-05-29,0.6327312794543984
2020-06-01,0.6142008954731343
2020-06-02,0.5906217266575959
2020-06-03,0.5979160308939709
2020-06-04,0.6475661047337176
2020-06-05,0.632844976277761
2020-06-08,0.652637682025793
2020-06-09,0.7281972617361315
2020-06-10,0.8132304470443787
2020-06-11,1.0719542807414877
2020-06-12,1.062156785036936
2020-06-15,1.01562118922362
2020-06-16,0.9718010166695651
2020-06-17,0.9338306591668536
2020-06-18,0.8925796905598962
2020-06-19,0.865133007115091
2020-06-22,0.8312452273547198
2020-06-23,0.7945095241719888
2020-06-24,0.8261602386946494
2020-06-25,0.790720853398973
2020-06-26,0.777992285308794
2020-06-29,0.7561239898323555
2020-06-30,0.7251512724942293
2020-07-01,0.6945990642089868
2020-07-02,0.6643129714223561
2020-07-06,0.6382886745039427
2020-07-07,0.6467378541573084
2020-07-08,0.6186340727764678
2020-07-09,0.6394298272680122
2020-07-10,0.6196461183611175
2020-07-13,0.5986598733838774
2020-07-14,0.5729481337782679
2020-07-15,0.5859760165740574
2020-07-16,0.5890693847077779
2020-07-17,0.5667023663264518
2020-07-20,0.555221209969504
2020-07-21,0.5320016315764454
2020-07-22,0.5098821746246872
2020-07-23,0.48855551086851945
2020-07-24,0.4831172205583237
2020-07-27,0.463869444995033
2020-07-28,0.4461973168901848
2020-07-29,0.4325157296561594
2020-07-30,0.42272085683107713
2020-07-31,0.4107464414940195
2020-08-03,0.3943299009712553
2020-08-04,0.38067920510582137
2020-08-05,0.3768111638473574
2020-08-06,0.3668982044109783
2020-08-07,0.35245919253156105
2020-08-10,0.36282478746634717
2020-08-11,0.34973659288098524
2020-08-12,0.33705793448604643
2020-08-13,0.3325340361526922
2020-08-14,0.3200271650969648
2020-08-17,0.3471812575586419
2020-08-18,0.33498446531145293
2020-08-19,0.3222715116171456
2020-08-20,0.31031386304836595
2020-08-21,0.30221044058734964
2020-08-24,0.32779194376921467
2020-08-25,0.3155260008303595
2020-08-26,0.3133803963237012
2020-08-27,0.3135040880116238
2020-08-28,0.31033903653907285
2020-08-31,0.3394832078321401
2020-09-01,0.3264690478437428
2020-09-02,0.3169143827597605
2020-09-03,0.30532840418146495
2020-09-04,0.2965903599242565
2020-09-08,0.2858715914532257
2020-09-09,0.2888215656768033
2020-09-10,0.2786716390305982
2020-09-11,0.26895553312769005
2020-09-14,0.2668722908059209
2020-09-15,0.2580161367046643
2020-09-16,0.259852699043131
2020-09-17,0.25762658558464036
2020-09-18,0.2946024256519284
2020-09-21,0.4567525448204969
2020-09-22,0.4378351292438742
2020-09-23,0.4319367245326566
2020-09-24,0.4166956414458879
2020-09-25,0.40110694234829697
2020-09-28,0.3948192122984899
2020-09-29,0.40351150466870217
2020-09-30,0.38725926199382243
2020-10-01,0.37350062168622955
2020-10-02,0.3602925461343879
2020-10-05,0.3468064826383728
2020-10-06,0.34531710817739686
2020-10-07,0.34065710032230356
2020-10-08,0.33110410568278975
2020-10-09,0.31856150614912654
2020-10-12,0.30757300401693255
2020-10-13,0.31903689253752454
2020-10-14,0.3071672560674396
2020-10-15,0.2994340802246799
2020-10-16,0.2888315993792923
2020-10-19,0.28013968515724436
2020-10-20,0.27379674505004625
2020-10-21,0.26867237595257165
2020-10-22,0.2823287360507251
2020-10-23,0.27330426121815227
2020-10-26,0.3740777507417408
2020-10-27,0.39047223716930246
2020-10-28,0.4476848766710799
2020-10-29,0.43475817002098993
2020-10-30,0.4168964331821514
2020-11-02,0.39992819405488284
2020-11-03,0.38728206929833453
2020-11-04,0.372444237973955
2020-11-05,0.37975562299984444
2020-11-06,0.3722857757153771
2020-11-09,0.5466098133037862
2020-11-10,0.5299760975742208
2020-11-11,0.5270032979023945
2020-11-12,0.5252658526879508
2020-11-13,0.5193208834622386
2020-11-16,0.5077445893360165
2020-11-17,0.4862900467827817
2020-11-18,0.4660608440965621
2020-11-19,0.44670873597904937
2020-11-20,0.4351156563489758
2020-11-23,0.42610316638110074
2020-11-24,0.4331493502246079
2020-11-25,0.4154696263266425
2020-11-27,0.39855941991125987
2020-11-30,0.40966024556942304
2020-12-01,0.39588934817698745
2020-12-02,0.38198842495552143
2020-12-03,0.3808907796206152
2020-12-04,0.3661910058971957
2020-12-07,0.35214310272955796
2020-12-08,0.3384969967370464
2020-12-09,0.3332648298275712
2020-12-10,0.32241613979452083
2020-12-11,0.3311886139347185
2020-12-14,0.33030090463091377
2020-12-15,0.3224211029073624
2020-12-16,0.31983934654760665
2020-12-17,0.30791970771615124
2020-12-18,0.30153417716736525
2020-12-21,0.3164878462121413
2020-12-22,0.31656821634522947
2020-12-23,0.31341219823101973
2020-12-24,0.30240620826960546
2020-12-28,0.29213429446061273
2020-12-29,0.2826574591267671
2020-12-30,0.2743113581315947
2020-12-31,0.2656901353080313
2021-01-04,0.32116734516447965
2021-01-05,0.31249491899869347
2021-01-06,0.3037338084573398
2021-01-07,0.29274882339644
2021-01-08,0.28454305895593374
2021-01-11,0.28534881601296336
2021-01-12,0.2802240503597077
2021-01-13,0.2704159396189507
2021-01-14,0.2763030488431136
2021-01-15,0.3243395443050385
2021-01-19,0.31290785225046686
2021-01-20,0.3041607075215338
2021-01-21,0.3095496063638266
2021-01-22,0.29975648716916875
2021-01-25,0.31866369419813106
2021-01-26,0.30679115958580033
2021-01-27,0.308844823171767
2021-01-28,0.3101943829278667
2021-01-29,0.34406401904296824
2021-02-01,0.331305352809157
2021-02-02,0.32116730593259335
2021-02-03,0.31668549066858115
2021-02-04,0.31119688173244925
2021-02-05,0.30030172027479296
2021-02-08,0.29941434434575775
2021-02-09,0.2924456626452169
2021-02-10,0.2820364891286232
2021-02-11,0.2737309752293299
2021-02-12,0.26478855186733435
2021-02-16,0.2606857142230851
2021-02-17,0.2555140982411734
2021-02-18,0.2532115874125827
2021-02-19,0.2577498531522375
2021-02-22,0.26642466102070955
2021-02-23,0.2691187485107643
2021-02-24,0.2672486011188833
2021-02-25,0.321756538395104
2021-02-26,0.30970408134217414
2021-03-01,0.2985902516828036
2021-03-02,0.2877656421465217
2021-03-03,0.2795505342509651
2021-03-04,0.3106631455451387
2021-03-05,0.29975951361049413
2021-03-08,0.3051492939529764
2021-03-09,0.29430464216522306
2021-03-10,0.28377648739809297
2021-03-11,0.2758752435431639
2021-03-12,0.2761007750804043
2021-03-15,0.2850409233776792
2021-03-16,0.3095170819195606
2021-03-17,0.30382833508413926
2021-03-18,0.3059785757205886
2021-03-19,0.2947981166832651
2021-03-22,0.3492163707502843
2021-03-23,0.3997114394159867
2021-03-24,0.3893064386829481
2021-03-25,0.3796958293160461
2021-03-26,0.36711751524545927
2021-03-29,0.3557305783876331
2021-03-30,0.3484155053954976
2021-03-31,0.33684187031899704
2021-04-01,0.32428056741038314
2021-04-05,0.3171892722019457
2021-04-06,0.3062109449382892
2021-04-07,0.2995637828576746
2021-04-08,0.2891057335993183
2021-04-09,0.28125072159907427
2021-04-12,0.29038861961171963
2021-04-13,0.2800233040302182
2021-04-14,0.27022287467940237
2021-04-15,0.26578695679058445
2021-04-16,0.2583395091734906
2021-04-19,0.2587137174561875
2021-04-20,0.33622709825354646
2021-04-21,0.32976007096069104
2021-04-22,0.32349189603450657
2021-04-23,0.3184105368859517
2021-04-26,0.3091449854032894
2021-04-27,0.2989218305845192
2021-04-28,0.2891208128101469
2021-04-29,0.2789314109239044
2021-04-30,0.2692178471052764
2021-05-03,0.26015276973347795
2021-05-04,0.2778807550011335
2021-05-05,0.26861623405892654
2021-05-06,0.2604615894906579
2021-05-07,0.25852131981714777
2021-05-10,0.25476235985718143
2021-05-11,0.2601888498763926
2021-05-12,0.29813673976885174
2021-05-13,0.2928166040374077
2021-05-14,0.30162291822737874
2021-05-17,0.2920072464854254
2021-05-18,0.2815426205745766
2021-05-19,0.2784078231659448
2021-05-20,0.27315637060116316
2021-05-21,0.26438157651394695
2021-05-24,0.2584352328921117
2021-05-25,0.25067848491643635
2021-05-26,0.24973658522531295
2021-05-27,0.2434845243542185
2021-05-28,0.2397861622362725
2021-06-01,0.23457952084527756
2021-06-02,0.22758049037648195
2021-06-03,0.27389553117931664
2021-06-04,0.2647055027761984
2021-06-07,0.2557784729018453
2021-06-08,0.24872187841040444
2021-06-09,0.24259629428332166
2021-06-10,0.2417404020845502
2021-06-11,0.23431784567121644
2021-06-14,0.23955184658023407
2021-06-15,0.23387675985441564
2021-06-16,0.22707039437143717
2021-06-17,0.23511662808061876
2021-06-18,0.23011236733387452
2021-06-21,0.227629704564233
2021-06-22,0.22659607498807213
2021-06-23,0.22005893028913867
2021-06-24,0.21401456679394515
2021-06-25,0.21485024831263286
2021-06-28,0.26371877066299243
2021-06-29,0.2603201974492183
2021-06-30,0.25194014289112404
2021-07-01,0.2487843837542863
2021-07-02,0.24217793541113528
2021-07-06,0.2506146923067361
2021-07-07,0.26111205870277227
2021-07-08,0.2582168158737924
2021-07-09,0.2577588477627878
2021-07-12,0.25002057595326027
2021-07-13,0.2813008034115793
2021-07-14,0.2717681901915675
2021-07-15,0.2647235901841768
2021-07-16,0.295932505818472
2021-07-19,0.35284524709849785
2021-07-20,0.3655538641568435
2021-07-21,0.36112241027108805
2021-07-22,0.3525395467178115
2021-07-23,0.33934555662333343
2021-07-26,0.3337695216762609
2021-07-27,0.3283185964882282
2021-07-28,0.31761280389807967
2021-07-29,0.30606355810517527
2021-07-30,0.32881700868416164
2021-08-02,0.3198629825409624
2021-08-03,0.30792261300528095
2021-08-04,0.31885647304077114
2021-08-05,0.32251570008295716
2021-08-06,0.310506469497819
2021-08-09,0.3113534936370556
2021-08-10,0.30408994458876804
2021-08-11,0.29556449448470634
2021-08-12,0.29948680104472053
2021-08-13,0.29646717659801736
2021-08-16,0.2885647587630894
2021-08-17,0.3039271853585987
2021-08-18,0.29480760505794285
2021-08-19,0.3024419554228546
2021-08-20,0.29158277726916587
2021-08-23,0.29422028889932117
2021-08-24,0.29587659657363913
2021-08-25,0.28599819300128454
2021-08-26,0.2814284313995301
2021-08-27,0.2749382272438665
2021-08-30,0.2968740096404534
2021-08-31,0.287376650408484
2021-09-01,0.2772500409377788
2021-09-02,0.268124714265582
2021-09-03,0.2665634295997859
2021-09-07,0.25765367918972165
2021-09-08,0.2625164154867272
2021-09-09,0.25902663646814394
2021-09-10,0.30736568774019
2021-09-13,0.3001394675813229
2021-09-14,0.2968477367270972
2021-09-15,0.2864933967825437
2021-09-16,0.2777670110002266
2021-09-17,0.26818218061608795
2021-09-20,0.25960252078899393
2021-09-21,0.25627302238042926
2021-09-22,0.25847769497579476
2021-09-23,0.260924906438615
2021-09-24,0.2557376812282461
2021-09-27,0.24815125951725492
2021-09-28,0.249731691220798
2021-09-29,0.24311905972177503
2021-09-30,0.2528729878812682
2021-10-01,0.2836909134956564
2021-10-04,0.275596361369304
2021-10-05,0.2685731230037734
2021-10-06,0.2706259544094025
2021-10-07,0.265917055489113
2021-10-08,0.25694228534828595
2021-10-11,0.25168515331659913
2021-10-12,0.24458052661649088
2021-10-13,0.2719043706894025
2021-10-14,0.263314735630196
2021-10-15,0.25444870288527704
2021-10-18,0.25212811743238794
2021-10-19,0.2507024595012981
2021-10-20,0.24507505136182264
2021-10-21,0.23731258373714614
2021-10-22,0.2420482472566162
2021-10-25,0.23446159088430665
2021-10-26,0.2272831520372771
2021-10-27,0.23961632331708957
2021-10-28,0.23309016195455357
2021-10-29,0.2284942274982018
2021-11-01,0.2347985144757096
2021-11-02,0.22934318564108247
2021-11-03,0.23243608153640863
2021-11-04,0.22769047410904125
2021-11-05,0.2796622913443999
2021-11-08,0.2704687264731359
2021-11-09,0.26248833574084773
2021-11-10,0.2892289591309971
2021-11-11,0.2815051594553819
2021-11-12,0.2910228547726106
2021-11-15,0.28116142125120935
2021-11-16,0.3014604571083909
2021-11-17,0.29259086588613803
2021-11-18,0.2954369597731469
2021-11-19,0.2998633608829195
2021-11-22,0.2893496500775489
2021-11-23,0.2800682066925841
2021-11-24,0.2702689860120839
2021-11-26,0.47819124458735135
2021-11-29,0.4581806490894176
2021-11-30,0.44442501414749375
2021-12-01,0.4921858075970903
2021-12-02,0.49948759984608226
2021-12-03,0.49294904564265063
2021-12-06,0.4935040340260655
2021-12-07,0.4727382332750335
2021-12-08,0.4559260361067352
2021-12-09,0.4418039243827515
2021-12-10,0.42723414891602474
2021-12-13,0.45570193547976073
2021-12-14,0.4388429532304239
2021-12-15,0.42076810763174527
2021-12-16,0.4229363058428539
2021-12-17,0.40779617850097616
2021-12-20,0.39141347549618166
2021-12-21,0.4015383259416217
2021-12-22,0.38583055866532917
2021-12-23,0.3728964134984406
2021-12-27,0.3582862710180227
2021-12-28,0.3446376131532947
2021-12-29,0.3410295072277471
2021-12-30,0.32794024638644154
2021-12-31,0.3156951928680575
2022-01-03,0.3163736449200534
2022-01-04,0.3072464964812455
2022-01-05,0.3102665963328956
2022-01-06,0.2988017168625375
2022-01-07,0.29477298383671463
2022-01-10,0.2933837112042862
2022-01-11,0.28621720074097573
2022-01-12,0.2802866332881395
2022-01-13,0.2772135451236104
2022-01-14,0.2776956024138661
2022-01-18,0.28603660744736853
2022-01-19,0.2884838810055078
2022-01-20,0.279567661219963
2022-01-21,0.30044253959784056
2022-01-24,0.29116244950199194
2022-01-25,0.28093932441009395
2022-01-26,0.27349026746851524
2022-01-27,0.2754609540388619
2022-01-28,0.2659630132180037
2022-01-31,0.27808843988918347
2022-02-01,0.27407083828820605
2022-02-02,0.26600564730847354
2022-02-03,0.27886743947617837
2022-02-04,0.27032869991919095
2022-02-07,0.27208373931567464
2022-02-08,0.2854992616452799
2022-02-09,0.2851728865092192
2022-02-10,0.2750880455417865
2022-02-11,0.3437888846370691
2022-02-14,0.33058078528553353
2022-02-15,0.3534875086901941
2022-02-16,0.3397402448930653
2022-02-17,0.3551679461888418
2022-02-18,0.3472585152303684
2022-02-22,0.3509286081242166
2022-02-23,0.38012940217773217
2022-02-24,0.3650900754608375
2022-02-25,0.35648553519041976
2022-02-28,0.3625540897576526
2022-03-01,0.4467009509727957
2022-03-02,0.4306728531031414
2022-03-03,0.453423243338936
2022-03-04,0.512896972110384
2022-03-07,0.8022018848145396
2022-03-08,0.777364455065962
2022-03-09,0.7576026346311107
2022-03-10,0.7255461143166574
2022-03-11,0.700380516576525
2022-03-14,0.6699279304522241
2022-03-15,0.6597043246788671
2022-03-16,0.6452808783777805
2022-03-17,0.6173153003125712
2022-03-18,0.5919803848101726
2022-03-21,0.5822216794314689
2022-03-22,0.5605288502833731
2022-03-23,0.5419176616424307
2022-03-24,0.522047618517698
2022-03-25,0.5002916573359983
2022-03-28,0.47978380506223844
2022-03-29,0.46929687618819715
2022-03-30,0.4499594461726523
2022-03-31,0.43142327336387404
2022-04-01,0.41378170766721917
2022-04-04,0.396963931359009
2022-04-05,0.3856301243419658
2022-04-06,0.4130225112509002
2022-04-07,0.40337183838240365
2022-04-08,0.39678734909268465
2022-04-11,0.3823461808361632
2022-04-12,0.3678299204795608
2022-04-13,0.38116742935355846
2022-04-14,0.3662615016624051
2022-04-18,0.35728104231822877
2022-04-19,0.35167671176806686
2022-04-20,0.33813473113538633
2022-04-21,0.3340193748871463
2022-04-22,0.3386517733601878
2022-04-25,0.3265665236976993
2022-04-26,0.38898242479577405
2022-04-27,0.3743028191184245
2022-04-28,0.36381757351727806
2022-04-29,0.3707693433928971
2022-05-02,0.3581135925931882
2022-05-03,0.34467139306881855
2022-05-04,0.33318341975554544
2022-05-05,0.37318263625201
2022-05-06,0.38676791180241415
2022-05-09,0.5126079905736937
2022-05-10,0.4915219848592737
2022-05-11,0.4883806986358081
2022-05-12,0.4818758570420394
2022-05-13,0.4737158224083295
2022-05-16,0.4539948836716114
2022-05-17,0.4614533493214672
2022-05-18,0.4800241981400521
2022-05-19,0.45991791745919186
2022-05-20,0.44709817982183736
2022-05-23,0.43074306308981924
2022-05-24,0.4844318515539622
2022-05-25,0.46818237984785377
2022-05-26,0.46960309283478957
2022-05-27,0.45619618148336144
2022-05-31,0.4383835813531342
2022-06-01,0.45257818241713776
2022-06-02,0.43593517270346516
2022-06-03,0.4426997244182562
2022-06-06,0.42555155974335235
2022-06-07,0.40972421554016064
2022-06-08,0.4175409613439141
2022-06-09,0.44201628612529653
2022-06-10,0.46969983606554516
2022-06-13,0.5902644966453598
2022-06-14,0.5674120724834818
2022-06-15,0.5447320662490873
2022-06-16,0.6142331023316799
2022-06-17,0.5947462282352028
2022-06-21,0.5695046900597044
2022-06-22,0.5452217530509949
2022-06-23,0.5238770390082008
2022-06-24,0.5166019512158273
2022-06-27,0.5072602054172985
2022-06-28,0.48755570635569434
2022-06-29,0.4738610530524745
2022-06-30,0.4577776508306189
2022-07-01,0.4421726694403443
2022-07-05,0.4239810920312367
2022-07-06,0.41447260850386725
2022-07-07,0.3991281267963961
2022-07-08,0.3830410197354847
2022-07-11,0.38872378419643944
2022-07-12,0.38784457144583057
2022-07-13,0.3749436773703485
2022-07-14,0.36210531893359427
2022-07-15,0.3502975535170064
2022-07-18,0.3373682142704022
2022-07-19,0.34323149331027303
2022-07-20,0.3303084958035442
2022-07-21,0.3506357905291473
2022-07-22,0.34797352140644267
2022-07-25,0.3347568628124
2022-07-26,0.34015821965667686
2022-07-27,0.3376142473297003
2022-07-28,0.324940357604284
2022-07-29,0.3134618847643203
2022-08-01,0.3032682535314239
2022-08-02,0.29718503327051987
2022-08-03,0.2978290791712589
2022-08-04,0.28736165506204897
2022-08-05,0.2779064634009076
2022-08-08,0.2700768423986033
2022-08-09,0.27719754544367814
2022-08-10,0.2752833739985036
2022-08-11,0.2657775701597108
2022-08-12,0.26031303386499877
2022-08-15,0.25298258438082255
2022-08-16,0.24593957550585469
2022-08-17,0.2739854061806942
2022-08-18,0.26490249375949637
2022-08-19,0.3133986496461017
2022-08-22,0.3358303821871988
2022-08-23,0.3236452836053694
2022-08-24,0.3127149519930251
2022-08-25,0.3072542471634851
2022-08-26,0.34577710045634896
2022-08-29,0.33797132955326253
2022-08-30,0.3257429673837948
2022-08-31,0.32526351409280446
2022-09-01,0.31489350199710375
2022-09-02,0.3034418718634592
2022-09-06,0.29271008455466646
2022-09-07,0.2978856794141001
2022-09-08,0.28869786074718323
2022-09-09,0.28230637612353
2022-09-12,0.2744586722987634
2022-09-13,0.3428651530849993
2022-09-14,0.3328251757304426
2022-09-15,0.3201615517203776
2022-09-16,0.3766471122947845
2022-09-19,0.3671043355777755
2022-09-20,0.3580733042269418
2022-09-21,0.40832995922415494
2022-09-22,0.4238689797567168
2022-09-23,0.44920046972370814
2022-09-26,0.45193879143087506
2022-09-27,0.43541396440628777
2022-09-28,0.4238655612337478
2022-09-29,0.4434362705056951
2022-09-30,0.4310319737560081
2022-10-03,0.41548069558043244
2022-10-04,0.4413221680360052
2022-10-05,0.42564363263180616
2022-10-06,0.41088271173170576
2022-10-07,0.4253226530529499
2022-10-10,0.40938392200964613
2022-10-11,0.3943202510650448
2022-10-12,0.3800009042094505
2022-10-13,0.370042950480076
2022-10-14,0.35558266886899875
2022-10-17,0.3461567390648347
2022-10-18,0.33990231420218364
2022-10-19,0.3268623618589329
2022-10-20,0.31732803721070724
2022-10-21,0.30831285928420177
2022-10-24,0.2991464978902478
2022-10-25,0.29474220600382295
2022-10-26,0.2847302196817191
2022-10-27,0.2768853668939549
2022-10-28,0.26875040167411846
2022-10-31,0.2598058544375011
2022-11-01,0.2515309134082727
2022-11-02,0.2889658429641815
2022-11-03,0.27873059250824983
2022-11-04,0.27744375646245856
2022-11-07,0.26893121797217967
2022-11-08,0.26018032669669705
2022-11-09,0.256695602611342
2022-11-10,0.28090312849806426
2022-11-11,0.27251213330785845
2022-11-14,0.27284949697589694
2022-11-15,0.2648068239302001
2022-11-16,0.2875138960120015
2022-11-17,0.2782969658476355
2022-11-18,0.26874064969780814
2022-11-21,0.26241118497503113
2022-11-22,0.2536707614211776
2022-11-23,0.24927622991372442
2022-11-25,0.24366361238395853
2022-11-28,0.28237929598325723
2022-11-29,0.27673278808265567
2022-11-30,0.27187248702286887
2022-12-01,0.26352424176913974
2022-12-02,0.25492136669961585
2022-12-05,0.24680449185539555
2022-12-06,0.23889356960789043
2022-12-07,0.2920348177871947
2022-12-08,0.2819536046941057
2022-12-09,0.27224873553425366
2022-12-12,0.2730626697298626
2022-12-13,0.30595106667570227
2022-12-14,0.29473421179089476
2022-12-15,0.3160936215743684
2022-12-16,0.30776708011091763
2022-12-19,0.30803683870602233
2022-12-20,0.2969055849929401
2022-12-21,0.28850388420262213
2022-12-22,0.3010110602619113
2022-12-23,0.2906914116378398
2022-12-27,0.28866159010162745
2022-12-28,0.3076651634488377
2022-12-29,0.30505728314531355
2022-12-30,0.2939454377941593
2023-01-03,0.2854835056531288
2023-01-04,0.3095859124701898
2023-01-05,0.299746398810728
2023-01-06,0.2942540331074495
2023-01-09,0.28715756162775863
2023-01-10,0.2846409485650299
2023-01-11,0.27476081379993034
2023-01-12,0.29326214552853563
2023-01-13,0.28275154535386715
2023-01-17,0.2730111228503337
2023-01-18,0.27399428169215506
2023-01-19,0.26464651972017317
2023-01-20,0.25902298816900404
2023-01-23,0.25040651189615654
2023-01-24,0.2422994420133897
2023-01-25,0.23672856861815392
2023-01-26,0.22954939076373085
2023-01-27,0.22570530255180096
2023-01-30,0.23412568932092864
2023-01-31,0.22880276833989577
2023-02-01,0.22363468961679447
2023-02-02,0.23333982257643032
2023-02-03,0.23901173778708024
2023-02-06,0.23440015784977622
2023-02-07,0.22722537886424568
2023-02-08,0.22073164974692688
2023-02-09,0.24383967519663408
2023-02-10,0.26805844586582234
2023-02-13,0.26207807691602136
2023-02-14,0.25708680946326284
2023-02-15,0.24871270896357509
2023-02-16,0.2591243917503715
2023-02-17,0.2510194422748963
2023-02-21,0.29327172656088074
2023-02-22,0.2827306003955002
2023-02-23,0.27508731268453657
2023-02-24,0.2712350486201958
2023-02-27,0.2630359009717115
2023-02-28,0.2564259331658949
2023-03-01,0.24801839528551103
2023-03-02,0.24036426855920162
2023-03-03,0.23499762722206366
2023-03-06,0.23043120882380494
2023-03-07,0.22421465340160088
2023-03-08,0.21800849524731827
2023-03-09,0.26994272725895024
2023-03-10,0.2866509780203096
2023-03-13,0.3428603389136749
2023-03-14,0.33122555336205567
2023-03-15,0.3967822047420978
2023-03-16,0.38388475927027893
2023-03-17,0.38275002181580603
2023-03-20,0.36749807999498446
2023-03-21,0.3587758888219776
2023-03-22,0.3674735304753255
2023-03-23,0.35733030601951465
2023-03-24,0.3437315219760911
2023-03-27,0.3325084209459965
2023-03-28,0.3208457180639941
2023-03-29,0.31437209418140155
2023-03-30,0.30488367552232115
2023-03-31,0.2978454511991076
2023-04-03,0.29228435127457647
2023-04-04,0.28396996601753505
2023-04-05,0.28530876327235377
2023-04-06,0.27547865543450006
2023-04-10,0.26748508070544796
2023-04-11,0.2617697683079542
2023-04-12,0.3048667308841685
2023-04-13,0.2937576715593994
2023-04-14,0.285834653602393
2023-04-17,0.2781484682682973
2023-04-18,0.26967910931327255
2023-04-19,0.26429429959800493
2023-04-20,0.2707863947837853
2023-04-21,0.26254890744392745
2023-04-24,0.25456445156384266
2023-04-25,0.27498854230676595
2023-04-26,0.27103299061184416
2023-04-27,0.2621097098544806
2023-04-28,0.26041079009902796
2023-05-01,0.2518780705023762
2023-05-02,0.24772117390324147
2023-05-03,0.23993372084807088
2023-05-04,0.2805189940093184
2023-05-05,0.2788771987811123
2023-05-08,0.27039413233278564
2023-05-09,0.261286298148219
2023-05-10,0.25876114932500976
2023-05-11,0.252314753433088
2023-05-12,0.24880909790439742
2023-05-15,0.2429784657124989
2023-05-16,0.23651493145254063
2023-05-17,0.2566227495761044
2023-05-18,0.24825182537093254
2023-05-19,0.24782379546766692
2023-05-22,0.24029537823270758
2023-05-23,0.2349850267570255
2023-05-24,0.25029286765707087
2023-05-25,0.24451596757676175
2023-05-26,0.23691552925040604
2023-05-30,0.23008925920172807
2023-05-31,0.22348296579381616
2023-06-01,0.21701897981513046
2023-06-02,0.22273620361315313
2023-06-05,0.21644086675117524
2023-06-06,0.21551122198159425
2023-06-07,0.21009777723717118
2023-06-08,0.20503388012716336
2023-06-09,0.20115237806200553
2023-06-12,0.20215853877588255
2023-06-13,0.20498188407759355
2023-06-14,0.20054442400625355
2023-06-15,0.19699490348737453
2023-06-16,0.19218647194846988
2023-06-20,0.1885692424548606
2023-06-21,0.18437958997676504
2023-06-22,0.1804013325893132
2023-06-23,0.1905284199273169
2023-06-26,0.1863027536028386
2023-06-27,0.2178562076232853
2023-06-28,0.21272586866669507
2023-06-29,0.2084321069317297
2023-06-30,0.2063411253240614
2023-07-03,0.20306877455679886
2023-07-05,0.19804617643367922
2023-07-06,0.22606876564443837
2023-07-07,0.22629599554565696
2023-07-10,0.22429207832645362
2023-07-11,0.2184350741067011
2023-07-12,0.21669947577232393
2023-07-13,0.21681468861680014
2023-07-14,0.23410647577544708
2023-07-17,0.2269824821434465
2023-07-18,0.22642680406700968
2023-07-19,0.22090813656359512
2023-07-20,0.22123904718652174
2023-07-21,0.21486965909592726
2023-07-24,0.21936088621265185
2023-07-25,0.24387331219303193
2023-07-26,0.23856644357495044
2023-07-27,0.2579962604380149
2023-07-28,0.2538906079397188
2023-07-31,0.24655752918943685
2023-08-01,0.2592968083104765
2023-08-02,0.2575489079767181
2023-08-03,0.2813298270713576
2023-08-04,0.2714794732571875
2023-08-07,0.26369454601868425
2023-08-08,0.25560442249695137
2023-08-09,0.2610208405472636
2023-08-10,0.25230067062931083
2023-08-11,0.2477221911739035
2023-08-14,0.2398980608508539
2023-08-15,0.2606206001067452
2023-08-16,0.2556449397113113
2023-08-17,0.26065816235061584
2023-08-18,0.25414903659073745
2023-08-21,0.24591503410731114
2023-08-22,0.24003090551010303
2023-08-23,0.2331603165206292
2023-08-24,0.24325320141778198
2023-08-25,0.23616477129326466
2023-08-28,0.23072885905321858
2023-08-29,0.22873717144355876
2023-08-30,0.22527313821226003
2023-08-31,0.21909506703711976
2023-09-01,0.21314765023335353
2023-09-05,0.22605683798549428
2023-09-06,0.22988123629387416
2023-09-07,0.2373146544147664
2023-09-08,0.230430552661751
2023-09-11,0.22400241248700872
2023-09-12,0.21747855618428222
2023-09-13,0.25792670586815936
2023-09-14,0.24975515129822648
2023-09-15,0.24167159121419296
2023-09-18,0.25427978763558856
2023-09-19,0.2459381922353663
2023-09-20,0.2424346089154764
2023-09-21,0.24054211772577375
2023-09-22,0.24037800232134388
2023-09-25,0.23387740634785567
2023-09-26,0.24013114666781565
2023-09-27,0.23275861487816085
2023-09-28,0.22825599313052003
2023-09-29,0.22287797737775708
2023-10-02,0.22943249987741493
2023-10-03,0.2574813367993882
2023-10-04,0.254989715086707
2023-10-05,0.24679050305876846
2023-10-06,0.2392467404166669
2023-10-09,0.2705162863858663
2023-10-10,0.26543976265812175
2023-10-11,0.2564730020879391
2023-10-12,0.27739643040241163
2023-10-13,0.28956869029644766
2023-10-16,0.28254969615980835
2023-10-17,0.27273480965949326
2023-10-18,0.35673812748289185
2023-10-19,0.3453544335896095
2023-10-20,0.34261546199784976
2023-10-23,0.3296153394488794
2023-10-24,0.31761137574085724
2023-10-25,0.32065778955141566
2023-10-26,0.30957463849611455
2023-10-27,0.31258236226633135
2023-10-30,0.3057847654805583
2023-10-31,0.2971912232889794
2023-11-01,0.28788681525905285
2023-11-02,0.2918362376402218
2023-11-03,0.30138609191533705
2023-11-06,0.30454700326878936
2023-11-07,0.2934388931276834
2023-11-08,0.2841100547323167
2023-11-09,0.29778469671895497
2023-11-10,0.28876785762961915
2023-11-13,0.27849678490065194
2023-11-14,0.2981579547823603
2023-11-15,0.29012885688948625
2023-11-16,0.2921741446466473
2023-11-17,0.28554462698499516
2023-11-20,0.27779531529527274
2023-11-21,0.284763230070176
2023-11-22,0.27529586920257265
2023-11-24,0.26593605547198745
2023-11-27,0.26564128444200835
2023-11-28,0.2569067792021067
2023-11-29,0.24876154123979857
2023-11-30,0.24141666388217695
2023-12-01,0.2454044889564981
2023-12-04,0.26429081936382126
2023-12-05,0.26880028124985283
2023-12-06,0.26456418805272947
2023-12-07,0.264119516128589
2023-12-08,0.25719818661880184
2023-12-11,0.2486830199269745
2023-12-12,0.2423285612551686
2023-12-13,0.23535300380492277
2023-12-14,0.23990777728118778
2023-12-15,0.23347634484032853
2023-12-18,0.23195089738994326
2023-12-19,0.22697160174788392
2023-12-20,0.23694036464899768
2023-12-21,0.23613035637122134
2023-12-22,0.22901336642213704
2023-12-26,0.22426539278274746
2023-12-27,0.21815432335848858
2023-12-28,0.21236810777515533
2023-12-29,0.21723670960498365
2024-01-02,0.22664578090050566
2024-01-03,0.30642627955186874
2024-01-04,0.30048665527773444
2024-01-05,0.2953249430711873
2024-01-08,0.28975243087850017
2024-01-09,0.2817913845382786
2024-01-10,0.2720242717111839
2024-01-11,0.26280812316212754
2024-01-12,0.3775999549788109
2024-01-16,0.3707840918917639
2024-01-17,0.3707306342885627
2024-01-18,0.37002681038000473
2024-01-19,0.3566508410196168
2024-01-22,0.34275014573301066
2024-01-23,0.3356202854417474
2024-01-24,0.32338546720593364
2024-01-25,0.32217844620644626
2024-01-26,0.3113382366494678
2024-01-29,0.2999861996825854
2024-01-30,0.3004202696224075
2024-01-31,0.2926336248622157
2024-02-01,0.2855273731185856
2024-02-02,0.27579402531599556
2024-02-05,0.2850606819608765
2024-02-06,0.28972455539701847
2024-02-07,0.2794111357838123
2024-02-08,0.27083948161226423
2024-02-09,0.2617317397642097
2024-02-12,0.25394494442693677
2024-02-13,0.25098360026105293
2024-02-14,0.24796199789483872
2024-02-15,0.2415534723410119
2024-02-16,0.24257094714742738
2024-02-20,0.23523808620204342
2024-02-21,0.22826427315723327
2024-02-22,0.22431561514972603
2024-02-23,0.22186014784093153
2024-02-26,0.21546514613737416
2024-02-27,0.2097388376052466
2024-02-28,0.20581744823993905
2024-02-29,0.20053367996423943
2024-03-01,0.1961284364899695
2024-03-04,0.19203063505597226
2024-03-05,0.18753324185327785
2024-03-06,0.18677827496794164
2024-03-07,0.18264088698864775
2024-03-08,0.18729167947348863
2024-03-11,0.1843622998337784
2024-03-12,0.21478566991305542
2024-03-13,0.20961534772053309
2024-03-14,0.20805115717053824
2024-03-15,0.20290421878314902
2024-03-18,0.19770958702096367
2024-03-19,0.1928352208493044
2024-03-20,0.20423990305520615
2024-03-21,0.20044638684695718
2024-03-22,0.19626253131965868
2024-03-25,0.19156091668187433
2024-03-26,0.18740923883309488
2024-03-27,0.195039439088611
2024-03-28,0.1905060660451525
2024-04-01,0.19058449149917736
2024-04-02,0.2272749471455224
2024-04-03,0.22244360543742317
2024-04-04,0.2277169796040691
2024-04-05,0.22191494586890717
2024-04-08,0.21740763004089808
2024-04-09,0.2117083909532166
2024-04-10,0.24814389696303235
2024-04-11,0.2422491510821039
2024-04-12,0.28533574539478923
2024-04-15,0.2787508435861675
2024-04-16,0.2690276692089496
2024-04-17,0.28082085178989113
2024-04-18,0.2736516990628781
2024-04-19,0.26428681465407994
2024-04-22,0.26464366306412856
2024-04-23,0.2585885705130836
2024-04-24,0.2708096128279054
2024-04-25,0.2616055802157133
2024-04-26,0.25285086355399305
2024-04-29,0.24488830025135952
2024-04-30,0.2664126483483845
2024-05-01,0.2574256910255851
2024-05-02,0.2542479734432509
2024-05-03,0.24590319802719116
2024-05-06,0.2487240567375822
2024-05-07,0.259908455422289
2024-05-08,0.2521030289385671
2024-05-09,0.2442528665133738
2024-05-10,0.23650630097314534
2024-05-13,0.23313043044613457
2024-05-14,0.22804303804326057
2024-05-15,0.22301248574911675
2024-05-16,0.218031785756114
2024-05-17,0.21187407769710764
2024-05-20,0.20634075894015705
2024-05-21,0.22252804497411105
2024-05-22,0.2163277846232425
2024-05-23,0.2318135310977338
2024-05-24,0.22521082123201808
2024-05-28,0.23671542155085715
2024-05-29,0.26143598757630904
2024-05-30,0.25345425386053394
2024-05-31,0.2520734392989472
2024-06-03,0.24451122673611536
2024-06-04,0.24213454028700657
2024-06-05,0.23581003032101922
2024-06-06,0.23043323197837592
2024-06-07,0.2254435547980913
2024-06-10,0.21944163141938222
2024-06-11,0.2343320951128974
2024-06-12,0.2320503393662677
2024-06-13,0.23270133476196478
2024-06-14,0.24730277232574652
2024-06-17,0.24333440693827085
2024-06-18,0.23576904376953306
2024-06-20,0.22857709334051826
2024-06-21,0.22179414509855755
2024-06-24,0.21560965562794263
2024-06-25,0.2180058366191144
2024-06-26,0.21361030593115118
2024-06-27,0.20910047345713975
2024-06-28,0.2034936686975789
2024-07-01,0.21073826230658732
2024-07-02,0.20520053508702163
2024-07-03,0.20163980856963737
2024-07-05,0.24035776833711864
2024-07-08,0.23304615594340963
2024-07-09,0.22597009271140284
2024-07-10,0.21987471341652728
2024-07-11,0.21619063254452076
2024-07-12,0.21030877299818
2024-07-15,0.2046963468164491
2024-07-16,0.21955184717965823
2024-07-17,0.22646341691319596
2024-07-18,0.256919432507547
2024-07-19,0.24848381919151194
2024-07-22,0.2404919308417644
2024-07-23,0.233376970586217
2024-07-24,0.26900162750437034
2024-07-25,0.2692412472114925
2024-07-26,0.2601031695308613
2024-07-29,0.26541911310227834
2024-07-30,0.26147063773968965
2024-07-31,0.2537089553011482
2024-08-01,0.3530580841731287
2024-08-02,0.4130325783760889
2024-08-05,0.4444165086942653
2024-08-06,0.4294666133705855
2024-08-07,0.4213011545201366
2024-08-08,0.4179185423022051
2024-08-09,0.4008886877925093
2024-08-12,0.40334197500384217
2024-08-13,0.3885151456507198
2024-08-14,0.3745357253987929
2024-08-15,0.3704809841273908
2024-08-16,0.35648578260570224
2024-08-19,0.3451392188668219
2024-08-20,0.33529012511554823
2024-08-21,0.3230289949834225
2024-08-22,0.31333234560128004
2024-08-23,0.3140883206997675
2024-08-26,0.30446329433939984
2024-08-27,0.2941874402485599
2024-08-28,0.2874562178836979
2024-08-29,0.279218198547301
2024-08-30,0.2722267047884906
2024-09-03,0.27339663494637234
2024-09-04,0.2645690458084619
2024-09-05,0.25718094175113365
2024-09-06,0.2528891812632561
2024-09-09,0.2550003388233043
2024-09-10,0.2512512376088922
2024-09-11,0.24309806909969486
2024-09-12,0.23841354659498695
2024-09-13,0.2313612992702107
2024-09-16,0.22441086069974422
2024-09-17,0.22344321426259517
2024-09-18,0.21695243349637727
2024-09-19,0.211631542072537
2024-09-20,0.20593061161468929
2024-09-23,0.2005953090179329
2024-09-24,0.20114623933844747
2024-09-25,0.2047524153703687
2024-09-26,0.23472831273623557
2024-09-27,0.22759593669483646
2024-09-30,0.2229993775776067
2024-10-01,0.22688748312765072
2024-10-02,0.22910363419203983
2024-10-03,0.22737665579386115
2024-10-04,0.2386633930874193
2024-10-07,0.23146654704297986
2024-10-08,0.22548066258550864
2024-10-09,0.21939419864709275
2024-10-10,0.2134709947510434
2024-10-11,0.20925564078418532
2024-10-14,0.20499184178888682
2024-10-15,0.19991432765062137
2024-10-16,0.22475522685801996
2024-10-17,0.21816564349136186
2024-10-18,0.21686315039674214
2024-10-21,0.21076187795709167
2024-10-22,0.20516903275104653
2024-10-23,0.2001844049870019
2024-10-24,0.20550726118558438
2024-10-25,0.2012195159521064
2024-10-28,0.20494874969123378
2024-10-29,0.2067521037377855
2024-10-30,0.20372208127741087
2024-10-31,0.2121684246064904
2024-11-01,0.21220541934644366
2024-11-04,0.2187245665214587
2024-11-05,0.22079705704560468
2024-11-06,0.25360329966307615
2024-11-07,0.25784388997996444
2024-11-08,0.2516222168251444
2024-11-11,0.2513685087675065
2024-11-12,0.25112598431862837
2024-11-13,0.25345415443428815
2024-11-14,0.24599858780082456
2024-11-15,0.23877803416562424
2024-11-18,0.2564927998989445
2024-11-19,0.24851414044275227
2024-11-20,0.24051419667038368
2024-11-21,0.23300019484970397
2024-11-22,0.2271958212643886
2024-11-25,0.22707017241372768
2024-11-26,0.2281321432854213
2024-11-27,0.22162581167364057
2024-11-29,0.21533528554326622
2024-12-02,0.2098393785732316
2024-12-03,0.21255361394245925
2024-12-04,0.21703326196691602
2024-12-05,0.22584398508705075
2024-12-06,0.22398188051715257
2024-12-09,0.22712820696690228
2024-12-10,0.22221544140765737
2024-12-11,0.22139543897740982
2024-12-12,0.23142032667853532
2024-12-13,0.2305671034644795
2024-12-16,0.22507952994441766
2024-12-17,0.21951511474155944
2024-12-18,0.25945162786153414
2024-12-19,0.2558677681928695
2024-12-20,0.24995656502680622
2024-12-23,0.24597026161713129
2024-12-24,0.23975147882755593
2024-12-26,0.2322668353424569
2024-12-27,0.23119655274246628
2024-12-30,0.22614327140111865
2024-12-31,0.22029230218053467
2025-01-02,0.22049685712045874
2025-01-03,0.21419517641627697
2025-01-06,0.2139755294420369
2025-01-07,0.20906094039777012
2025-01-08,0.2034518075613977
2025-01-10,0.2039113748666317
2025-01-13,0.23321845638799688
2025-01-14,0.2328476471858799
2025-01-15,0.22711322814842821
2025-01-16,0.22041809907537085
2025-01-17,0.21494493992648445
2025-01-21,0.2187670185379871
2025-01-22,0.2227093882170215
2025-01-23,0.2204317608694355
2025-01-24,0.21414764065942915
2025-01-27,0.20961174108336586
2025-01-28,0.2246288859430149
2025-01-29,0.21870613160128824
2025-01-30,0.21343038209214732
2025-01-31,0.21893127688843364
2025-02-03,0.22616778550447894
2025-02-04,0.2238333192355419
2025-02-05,0.2208218222911857
2025-02-06,0.21499364734800888
2025-02-07,0.21323145734154708
2025-02-10,0.21743822846960467
2025-02-11,0.22699386159101306
2025-02-12,0.2208554278255348
2025-02-13,0.22877264346944984
2025-02-14,0.2249518588498437
2025-02-18,0.21866724034477591
2025-02-19,0.2128177163677874
2025-02-20,0.21072462978968548
2025-02-21,0.2990554630833552
2025-02-24,0.28944295396502573
2025-02-25,0.2824546059104011
2025-02-26,0.27269678545960163
2025-02-27,0.2886593639568964
2025-02-28,0.27929936842033853
2025-03-03,0.29235366185495265
2025-03-04,0.33710338829504516
2025-03-05,0.3392600347815817
2025-03-06,0.364020776330143
2025-03-07,0.35377383453274214
2025-03-10,0.42676487952970077
2025-03-11,0.4193463914236058
2025-03-12,0.41399213035998644
2025-03-13,0.4000902893098007
2025-03-14,0.3931139102092421
2025-03-17,0.38071792865584886
2025-03-18,0.3785537943278339
2025-03-19,0.37105089084922027
2025-03-20,0.3607396950711136
2025-03-21,0.3466918741476356
2025-03-24,0.3456659780771027
2025-03-25,0.33678571881836084
2025-03-26,0.32646213930561685
2025-03-27,0.3396058144378568
2025-03-28,0.36597021026307597
2025-03-31,0.36348321391778193
2025-04-01,0.3596505954395183
2025-04-02,0.351995010191906
2025-04-03,0.5940227268379552
2025-04-04,0.6456687509861385
2025-04-07,0.6177091062951882
2025-04-08,0.6230211457085546
2025-04-09,0.74058534957154
2025-04-10,0.8601329292615184
2025-04-11,0.825269999454724
2025-04-14,0.7912086273543787
2025-04-15,0.7567939164660351
2025-04-16,0.7261635683508227
2025-04-17,0.6943147528318839
2025-04-21,0.6781891859945866
2025-04-22,0.6517194089483603
2025-04-23,0.6258060402393061
2025-04-24,0.6007564831110855
2025-04-25,0.5749826953917831
2025-04-28,0.5509300500063506
2025-04-29,0.5274263133367542
2025-04-30,0.5051052880340889
2025-05-01,0.48406070487078373
2025-05-02,0.4809586863754516
2025-05-05,0.4612885066853498
2025-05-06,0.44602341777086096
2025-05-07,0.42954391393663116
2025-05-08,0.42169861512696477
2025-05-09,0.40448426718476954
2025-05-12,0.398097779948595
2025-05-13,0.3880477908711761
2025-05-14,0.3898933284887034
2025-05-15,0.3753626326634019
2025-05-16,0.3616789498989401
2025-05-19,0.347524376698959
2025-05-20,0.3374277789394347
2025-05-21,0.36484205678622084
2025-05-22,0.3515970204651911
2025-05-23,0.3407874187818559
2025-05-27,0.34457476053826114
2025-05-28,0.33271241635983473
2025-05-29,0.32023907194469575
2025-05-30,0.3082757084169948
2025-06-02,0.29711973344091436
2025-06-03,0.2863910808667058
2025-06-04,0.27658991955600987
2025-06-05,0.2707352987698501
2025-06-06,0.2733263895052946
2025-06-09,0.26402413526039625
2025-06-10,0.25551281611692206
2025-06-11,0.3053301786591034
2025-06-12,0.30009899566643006
2025-06-13,0.3460977665342555
2025-06-16,0.34420128413473416
2025-06-17,0.37023198241102834
2025-06-18,0.35569536910114535
2025-06-20,0.3421567062034588
2025-06-23,0.3331002497747488
2025-06-24,0.33132832296681186
2025-06-25,0.3301370987938193
2025-06-26,0.3202031473924015
2025-06-27,0.31007887964193886
2025-06-30,0.2987118424167345
2025-07-01,0.2930570449588271
2025-07-02,0.2856620667852139
2025-07-03,0.27816563626731466
2025-07-07,0.2773019358028357
2025-07-08,0.2680694447340092
2025-07-09,0.2594099566323544
2025-07-10,0.3174967848656109
2025-07-11,0.32946932057476913
2025-07-14,0.318170405286224
2025-07-15,0.3252465464843554
2025-07-16,0.31336885678063164
2025-07-17,0.3024690754440857
2025-07-18,0.2923787440974463
2025-07-21,0.28190623121882213
2025-07-22,0.27237079799420494
2025-07-23,0.2665925452821215
2025-07-24,0.35401942828042643
2025-07-25,0.340722191822018
2025-07-28,0.3278318794748308
2025-07-29,0.32924686057728786
2025-07-30,0.319874996834701
2025-07-31,0.30870677543584946
2025-08-01,0.35252507144882617
2025-08-04,0.3435653911557449
2025-08-05,0.3303648328742029
2025-08-06,0.31906070644941537
2025-08-07,0.3115121705487604
2025-08-08,0.3001652844684075
2025-08-11,0.29182354394393883
2025-08-12,0.34256617871587963
2025-08-13,0.3334907303059562
2025-08-14,0.3273353161514963
2025-08-15,0.3162169691841347
2025-08-18,0.30448013728320605
2025-08-19,0.2933358212015709
2025-08-20,0.3025367190937325
2025-08-21,0.29759126600086905
2025-08-22,0.3185109536577981
2025-08-25,0.31978812923559247
2025-08-26,0.31168014566218366
2025-08-27,0.3009857345456758
2025-08-28,0.29064489880264543
2025-08-29,0.2802481500384971
2025-09-02,0.27055051875758807
2025-09-03,0.26188285854557186
2025-09-04,0.2708049135447878
2025-09-05,0.2620655765261817
2025-09-08,0.2532708952880295
2025-09-09,0.25605915800845713
2025-09-10,0.24827745527937087
2025-09-11,0.24362798115159107
2025-09-12,0.24544068366919125
2025-09-15,0.2432126402965109
2025-09-16,0.23566111940665987
2025-09-17,0.22897787666060665
2025-09-18,0.22222326610865928
2025-09-19,0.2169953483372397
2025-09-22,0.211544242181157
2025-09-23,0.20604255094518706
2025-09-24,0.21374186300301584
2025-09-25,0.2400405640719918
2025-09-26,0.23321121671137518
2025-09-29,0.2265659903869069
2025-09-30,0.23624670664371172
2025-10-01,0.230455922900671
2025-10-02,0.2250064079087527
2025-10-03,0.21964869951811689
2025-10-06,0.21410503777351902
2025-10-07,0.22289408875068895
2025-10-08,0.21706344878859732
2025-10-09,0.21165571289242346
2025-10-10,0.24662814437934696
2025-10-13,0.2434270765547662
2025-10-14,0.25101196306152423
2025-10-15,0.24320492100284483
2025-10-16,0.266883763462673
2025-10-17,0.25839115464736795
2025-10-20,0.2592314911425693
2025-10-21,0.25093620464173755
2025-10-22,0.2585121567741061
2025-10-23,0.25559604222287946
2025-10-24,0.2557801970442591
2025-10-27,0.24766903318743747
2025-10-28,0.29462539198107146
2025-10-29,0.28589054339029824
2025-10-30,0.28305449439992997
2025-10-31,0.27662713532840555
2025-11-03,0.2677679405754169
2025-11-04,0.31539187624287346
2025-11-05,0.32719548102013873
2025-11-06,0.32479254732829077
2025-11-07,0.3182300790308798
2025-11-10,0.3070786811226074
2025-11-11,0.2995279025399804
2025-11-12,0.30068098908976604
2025-11-13,0.30909611320752645
2025-11-14,0.3050359696822655
2025-11-17,0.3518139792560836
2025-11-18,0.3387159110523154
2025-11-19,0.3266586860929922
2025-11-20,0.3251568901315179
2025-11-21,0.3270998489758135
2025-11-24,0.3196593011316893
2025-11-25,0.3170334367223748
2025-11-26,0.310776485596964
2025-11-28,0.29933046286671194
2025-12-01,0.28933410376241514
2025-12-02,0.2829623791248582
2025-12-03,0.27724495090082346
2025-12-04,0.2708279439053511
2025-12-05,0.26684566101025514
2025-12-08,0.2577785956979361
2025-12-09,0.24928093067862211
2025-12-10,0.24760212438507065
2025-12-11,0.24053247930373142
2025-12-12,0.23301009076861884
2025-12-15,0.2270284405091133
2025-12-16,0.22151816358935444
2025-12-17,0.23051840707414237
2025-12-18,0.22469646726194875
2025-12-19,0.21896505748634873
2025-12-22,0.21722470301510372
2025-12-23,0.23210734585531756
2025-12-24,0.22659930008718032
2025-12-26,0.2212592642128234
2025-12-29,0.22553268144550584
2025-12-30,0.21893098912671088
2025-12-31,0.21273528621270146
2026-01-02,0.20801839053314491
2026-01-05,0.21408991288708584
2026-01-06,0.208588435921074
2026-01-07,0.20421442260526068
2026-01-08,0.19899358884144988
2026-01-09,0.1990712023372542
2026-01-12,0.19823408889492242
2026-01-13,0.21355225590004895
2026-01-14,0.21839734613772213
2026-01-15,0.22124975389816823
2026-01-16,0.2150033171837123
2026-01-20,0.24983610947979476
2026-01-21,0.25028315165028586
2026-01-22,0.24251743937292428
2026-01-23,0.24236048440288283
2026-01-26,0.2390458433020746
2026-01-27,0.24772697229005972
2026-01-28,0.24200420409571402
2026-01-29,0.24519131958533932
2026-01-30,0.2537039889319835
2026-02-02,0.26327444160039537
2026-02-03,0.25751906337201524
2026-02-04,0.25267798796096186
2026-02-05,0.25206664118839683
2026-02-06,0.28858165638169037
2026-02-09,0.27984474695802314
2026-02-10,0.270720452127282
2026-02-11,0.31659918066855447
2026-02-12,0.3201514766481642
2026-02-13,0.30816958513130394
2026-02-17,0.3062253052900756
2026-02-18,0.2952185177118807
2026-02-19,0.35786436536766275
2026-02-20,0.3456612029140673
2026-02-23,0.37691246888369184
2026-02-24,0.3631908043990101
2026-02-25,0.3490456669262634
2026-02-26,0.3423652207803824